{
  "average_learning_time": 0.0582,
  "average_test_LL": -844.5820618551709,
  "average_train_BIC": -7609.145630534501,
  "folds": {
    "fold_1": {
      "test_LL": -832.767585778426,
      "train_BIC": -7651.781127078861,
      "learning_time": 64
    },
    "fold_2": {
      "test_LL": -817.8329938890258,
      "train_BIC": -7660.945969842653,
      "learning_time": 52
    },
    "fold_3": {
      "test_LL": -805.3449127417284,
      "train_BIC": -7662.038715321129,
      "learning_time": 61
    },
    "fold_4": {
      "test_LL": -805.4858803673541,
      "train_BIC": -7664.898755474463,
      "learning_time": 60
    },
    "fold_5": {
      "test_LL": -802.4895940408003,
      "train_BIC": -7654.999091717246,
      "learning_time": 58
    },
    "fold_6": {
      "test_LL": -799.6834068673683,
      "train_BIC": -7655.024132928817,
      "learning_time": 61
    },
    "fold_7": {
      "test_LL": -804.4263041470609,
      "train_BIC": -7642.970807779896,
      "learning_time": 57
    },
    "fold_8": {
      "test_LL": -817.1731445094422,
      "train_BIC": -7614.781192830808,
      "learning_time": 54
    },
    "fold_9": {
      "test_LL": -820.4141144527975,
      "train_BIC": -7608.661946884298,
      "learning_time": 60
    },
    "fold_10": {
      "test_LL": -1140.202681757705,
      "train_BIC": -7275.354565486848,
      "learning_time": 55
    }
  }
}