{
    "average_learning_time": 742.58,
    "average_nrmse": 0.16834642216852508,
    "runs": {
        "run_1": {
            "learning_time": 726873,
            "nrmse": 0.1695966736173928
        },
        "run_2": {
            "learning_time": 714404,
            "nrmse": 0.16686076975878084
        },
        "run_3": {
            "learning_time": 747914,
            "nrmse": 0.1682204278203222
        },
        "run_4": {
            "learning_time": 745968,
            "nrmse": 0.160673912594286
        },
        "run_5": {
            "learning_time": 762035,
            "nrmse": 0.17763057850071132
        }
    }
}