{
    "average_learning_time": 182.248075,
    "average_nrmse": 0.1047782264973414,
    "runs": {
        "run_1": {
            "learning_time": 182387.69995117188,
            "nrmse": 0.09510150083995175
        },
        "run_2": {
            "learning_time": 188465.82983398438,
            "nrmse": 0.1075578497382256
        },
        "run_3": {
            "learning_time": 184233.13842773438,
            "nrmse": 0.10964421061291228
        },
        "run_4": {
            "learning_time": 189160.79565429688,
            "nrmse": 0.09916611503406868
        },
        "run_5": {
            "learning_time": 166992.9111328125,
            "nrmse": 0.11242145626154866
        }
    }
}