{
    "average_learning_time": 0.062500927734375,
    "average_nrmse": 0.07138495820593818,
    "runs": {
        "run_1": {
            "learning_time": 62.504150390625,
            "nrmse": 0.06425063409601704
        },
        "run_2": {
            "learning_time": 93.749267578125,
            "nrmse": 0.07583618616236297
        },
        "run_3": {
            "learning_time": 62.50048828125,
            "nrmse": 0.07392959299366654
        },
        "run_4": {
            "learning_time": 46.874267578125,
            "nrmse": 0.061602330861962026
        },
        "run_5": {
            "learning_time": 46.87646484375,
            "nrmse": 0.08130604691568234
        }
    }
}