{
    "average_learning_time": 0.15312314453125,
    "average_nrmse": 0.012618510405348273,
    "runs": {
        "run_1": {
            "learning_time": 203.117919921875,
            "nrmse": 0.009101501431284588
        },
        "run_2": {
            "learning_time": 140.6240234375,
            "nrmse": 0.010684412966632476
        },
        "run_3": {
            "learning_time": 125.00244140625,
            "nrmse": 0.015121216372211834
        },
        "run_4": {
            "learning_time": 156.2490234375,
            "nrmse": 0.01269041484189424
        },
        "run_5": {
            "learning_time": 140.622314453125,
            "nrmse": 0.015495006414718229
        }
    }
}