{
    "average_learning_time": 0.10624892578124999,
    "average_nrmse": 0.040248527124582545,
    "runs": {
        "run_1": {
            "learning_time": 156.24853515625,
            "nrmse": 0.03632146298208657
        },
        "run_2": {
            "learning_time": 109.3720703125,
            "nrmse": 0.04259368779486082
        },
        "run_3": {
            "learning_time": 93.749267578125,
            "nrmse": 0.04920804942200295
        },
        "run_4": {
            "learning_time": 78.125732421875,
            "nrmse": 0.04249834750453502
        },
        "run_5": {
            "learning_time": 93.7490234375,
            "nrmse": 0.03062108791942735
        }
    }
}