{
    "average_learning_time": 185.76167934570313,
    "average_nrmse": 0.09686083185018,
    "runs": {
        "run_1": {
            "learning_time": 184998.83959960938,
            "nrmse": 0.09449446632609153
        },
        "run_2": {
            "learning_time": 184143.4130859375,
            "nrmse": 0.09756804815273812
        },
        "run_3": {
            "learning_time": 188611.79223632812,
            "nrmse": 0.09804689979895874
        },
        "run_4": {
            "learning_time": 184456.62841796875,
            "nrmse": 0.0929235923183985
        },
        "run_5": {
            "learning_time": 186597.72338867188,
            "nrmse": 0.10127115265471315
        }
    }
}