{
    "average_learning_time": 184.7339679199219,
    "average_nrmse": 0.09012465976325162,
    "runs": {
        "run_1": {
            "learning_time": 187804.4375,
            "nrmse": 0.08598966050727543
        },
        "run_2": {
            "learning_time": 183342.61987304688,
            "nrmse": 0.09202866247906866
        },
        "run_3": {
            "learning_time": 184819.67651367188,
            "nrmse": 0.09310405252518975
        },
        "run_4": {
            "learning_time": 183138.96997070312,
            "nrmse": 0.0940334741394035
        },
        "run_5": {
            "learning_time": 184564.1357421875,
            "nrmse": 0.08546744916532079
        }
    }
}