{
    "average_learning_time": 184.90719853515625,
    "average_nrmse": 0.08284528280973676,
    "runs": {
        "run_1": {
            "learning_time": 182632.25952148438,
            "nrmse": 0.08612199910200534
        },
        "run_2": {
            "learning_time": 187112.24951171875,
            "nrmse": 0.08973984844897037
        },
        "run_3": {
            "learning_time": 182250.13134765625,
            "nrmse": 0.07990730715488209
        },
        "run_4": {
            "learning_time": 186535.10375976562,
            "nrmse": 0.08294183335133604
        },
        "run_5": {
            "learning_time": 186006.24853515625,
            "nrmse": 0.07551542599148992
        }
    }
}