{
    "average_learning_time": 193.97245595703126,
    "average_nrmse": 0.0741472949292096,
    "runs": {
        "run_1": {
            "learning_time": 207795.49853515625,
            "nrmse": 0.070663825308966
        },
        "run_2": {
            "learning_time": 209414.29907226562,
            "nrmse": 0.07713449332908427
        },
        "run_3": {
            "learning_time": 182263.72265625,
            "nrmse": 0.07724424482315939
        },
        "run_4": {
            "learning_time": 185750.732421875,
            "nrmse": 0.07242632075961543
        },
        "run_5": {
            "learning_time": 184638.02709960938,
            "nrmse": 0.07326759042522292
        }
    }
}