{
    "average_learning_time": 0.146875439453125,
    "average_nrmse": 0.026643968061162242,
    "runs": {
        "run_1": {
            "learning_time": 140.624755859375,
            "nrmse": 0.023445921897308618
        },
        "run_2": {
            "learning_time": 156.249755859375,
            "nrmse": 0.042338823578118016
        },
        "run_3": {
            "learning_time": 140.6279296875,
            "nrmse": 0.02121246195463064
        },
        "run_4": {
            "learning_time": 156.249755859375,
            "nrmse": 0.029032185985331405
        },
        "run_5": {
            "learning_time": 140.625,
            "nrmse": 0.017190446890422536
        }
    }
}