{
    "average_learning_time": 0.0999998046875,
    "average_nrmse": 0.055899208267727526,
    "runs": {
        "run_1": {
            "learning_time": 125.000244140625,
            "nrmse": 0.049987149458950185
        },
        "run_2": {
            "learning_time": 109.375,
            "nrmse": 0.05755921843670671
        },
        "run_3": {
            "learning_time": 93.748291015625,
            "nrmse": 0.057408038749199905
        },
        "run_4": {
            "learning_time": 109.3740234375,
            "nrmse": 0.04974678845040678
        },
        "run_5": {
            "learning_time": 62.50146484375,
            "nrmse": 0.06479484624337407
        }
    }
}