{
    "average_learning_time": 0.218750341796875,
    "average_nrmse": 0.14638733783380703,
    "runs": {
        "run_1": {
            "learning_time": 203.12548828125,
            "nrmse": 0.13827306814484147
        },
        "run_2": {
            "learning_time": 249.997802734375,
            "nrmse": 0.14919851970554704
        },
        "run_3": {
            "learning_time": 250.000244140625,
            "nrmse": 0.14497480024662343
        },
        "run_4": {
            "learning_time": 218.751708984375,
            "nrmse": 0.15144157068955913
        },
        "run_5": {
            "learning_time": 171.87646484375,
            "nrmse": 0.14804873038246413
        }
    }
}