{
    "average_learning_time": 0.11562539062499999,
    "average_nrmse": 0.14227394221440098,
    "runs": {
        "run_1": {
            "learning_time": 124.998046875,
            "nrmse": 0.1341233103178434
        },
        "run_2": {
            "learning_time": 93.749267578125,
            "nrmse": 0.15361873906801501
        },
        "run_3": {
            "learning_time": 78.1279296875,
            "nrmse": 0.132224018740454
        },
        "run_4": {
            "learning_time": 203.125244140625,
            "nrmse": 0.1414289329208464
        },
        "run_5": {
            "learning_time": 78.12646484375,
            "nrmse": 0.14997471002484608
        }
    }
}