{
    "average_learning_time": 132.6949213378906,
    "average_nrmse": 0.15291082789966728,
    "runs": {
        "run_1": {
            "learning_time": 201019.05737304688,
            "nrmse": 0.1515795968295799
        },
        "run_2": {
            "learning_time": 120518.90087890625,
            "nrmse": 0.14989769628613897
        },
        "run_3": {
            "learning_time": 112393.619140625,
            "nrmse": 0.14833434718296654
        },
        "run_4": {
            "learning_time": 116057.611328125,
            "nrmse": 0.15272029925167888
        },
        "run_5": {
            "learning_time": 113485.41796875,
            "nrmse": 0.16202219994797215
        }
    }
}