{
    "average_learning_time": 0.249999560546875,
    "average_nrmse": 0.16916496408882592,
    "runs": {
        "run_1": {
            "learning_time": 234.376220703125,
            "nrmse": 0.16537201703263243
        },
        "run_2": {
            "learning_time": 265.62451171875,
            "nrmse": 0.15720312426414182
        },
        "run_3": {
            "learning_time": 234.375,
            "nrmse": 0.1672427023786686
        },
        "run_4": {
            "learning_time": 234.373779296875,
            "nrmse": 0.17288084443420318
        },
        "run_5": {
            "learning_time": 281.248291015625,
            "nrmse": 0.1831261323344837
        }
    }
}