{
    "average_learning_time": 203.81309775390625,
    "average_nrmse": 0.14830988943693132,
    "runs": {
        "run_1": {
            "learning_time": 201796.04443359375,
            "nrmse": 0.1379439261930397
        },
        "run_2": {
            "learning_time": 206731.83862304688,
            "nrmse": 0.15570762992679799
        },
        "run_3": {
            "learning_time": 201924.56860351562,
            "nrmse": 0.14679424299240804
        },
        "run_4": {
            "learning_time": 206895.23364257812,
            "nrmse": 0.14679782000299624
        },
        "run_5": {
            "learning_time": 201717.80346679688,
            "nrmse": 0.15430582806941476
        }
    }
}