{
    "average_learning_time": 2533.33,
    "average_nrmse": 0.1711745307241654,
    "runs": {
        "run_1": {
            "learning_time": 2502114,
            "nrmse": 0.17004989416155392
        },
        "run_2": {
            "learning_time": 2456781,
            "nrmse": 0.17221799994856035
        },
        "run_3": {
            "learning_time": 2525525,
            "nrmse": 0.17083460377148268
        },
        "run_4": {
            "learning_time": 2517800,
            "nrmse": 0.1705891792825662
        },
        "run_5": {
            "learning_time": 2633213,
            "nrmse": 0.17105633989405244
        }
    }
}