{
    "average_learning_time": 5258.425,
    "average_nrmse": 0.15141785421690887,
    "runs": {
        "run_1": {
            "learning_time": 5319027,
            "nrmse": 0.1528088234679076
        },
        "run_2": {
            "learning_time": 5242904,
            "nrmse": 0.15399721412089537
        },
        "run_3": {
            "learning_time": 5156731,
            "nrmse": 0.14757679344457209
        },
        "run_4": {
            "learning_time": 5031488,
            "nrmse": 0.15136599449210553
        },
        "run_5": {
            "learning_time": 5602579,
            "nrmse": 0.15273141481006244
        }
    }
}