{
    "average_learning_time": 0.112499462890625,
    "average_nrmse": 0.17021839488447293,
    "runs": {
        "run_1": {
            "learning_time": 109.373291015625,
            "nrmse": 0.17356521201817213
        },
        "run_2": {
            "learning_time": 109.376220703125,
            "nrmse": 0.168121226811748
        },
        "run_3": {
            "learning_time": 109.375244140625,
            "nrmse": 0.1650152687045674
        },
        "run_4": {
            "learning_time": 109.373291015625,
            "nrmse": 0.16676008466983772
        },
        "run_5": {
            "learning_time": 124.999267578125,
            "nrmse": 0.17763018221803947
        }
    }
}