{
  "average_nrmse": 0.2032557663207159,
  "average_learning_time": 0.001,
  "runs": {
    "run_1": {
      "nrmse": 0.20263534865777072,
      "learning_time": 1
    },
    "run_2": {
      "nrmse": 0.20348574113138693,
      "learning_time": 1
    },
    "run_3": {
      "nrmse": 0.20304228554481726,
      "learning_time": 1
    },
    "run_4": {
      "nrmse": 0.1997000234362482,
      "learning_time": 1
    },
    "run_5": {
      "nrmse": 0.2074154328333564,
      "learning_time": 1
    }
  }
}