{
    "average_learning_time": 0.084375830078125,
    "average_nrmse": 0.17573532929445582,
    "runs": {
        "run_1": {
            "learning_time": 78.12744140625,
            "nrmse": 0.1791532859855869
        },
        "run_2": {
            "learning_time": 124.99951171875,
            "nrmse": 0.17234994546961213
        },
        "run_3": {
            "learning_time": 62.501708984375,
            "nrmse": 0.1698445475465101
        },
        "run_4": {
            "learning_time": 78.123779296875,
            "nrmse": 0.17772261300612985
        },
        "run_5": {
            "learning_time": 78.126708984375,
            "nrmse": 0.17960625446444017
        }
    }
}