{
    "average_learning_time": 115.24795664062499,
    "average_nrmse": 0.15775953569026388,
    "runs": {
        "run_1": {
            "learning_time": 114077.28173828125,
            "nrmse": 0.1568600530475001
        },
        "run_2": {
            "learning_time": 116555.65649414062,
            "nrmse": 0.1574810318573361
        },
        "run_3": {
            "learning_time": 112175.01391601562,
            "nrmse": 0.15716079294614402
        },
        "run_4": {
            "learning_time": 118129.849609375,
            "nrmse": 0.15351739761445196
        },
        "run_5": {
            "learning_time": 115301.9814453125,
            "nrmse": 0.1637784029858873
        }
    }
}