{
    "average_learning_time": 114.361046484375,
    "average_nrmse": 0.16311949798235018,
    "runs": {
        "run_1": {
            "learning_time": 112382.71655273438,
            "nrmse": 0.16997531228925425
        },
        "run_2": {
            "learning_time": 115847.25634765625,
            "nrmse": 0.15804261181319765
        },
        "run_3": {
            "learning_time": 111229.36572265625,
            "nrmse": 0.15871194566579253
        },
        "run_4": {
            "learning_time": 116070.3427734375,
            "nrmse": 0.16175385863350303
        },
        "run_5": {
            "learning_time": 116275.55102539062,
            "nrmse": 0.16711376151000346
        }
    }
}