{
    "average_learning_time": 1163.96,
    "average_nrmse": 0.20341393725301551,
    "runs": {
        "run_1": {
            "learning_time": 1170358,
            "nrmse": 0.20356577070358137
        },
        "run_2": {
            "learning_time": 1259220,
            "nrmse": 0.21091878217794993
        },
        "run_3": {
            "learning_time": 1251788,
            "nrmse": 0.203439770653287
        },
        "run_4": {
            "learning_time": 1085877,
            "nrmse": 0.20094832904235524
        },
        "run_5": {
            "learning_time": 1058956,
            "nrmse": 0.1983488671384699
        }
    }
}