{
  "average_nrmse": 0.20324751708650615,
  "average_learning_time": 0.0014,
  "runs": {
    "run_1": {
      "nrmse": 0.19437553747880423,
      "learning_time": 1
    },
    "run_2": {
      "nrmse": 0.21097746612022109,
      "learning_time": 2
    },
    "run_3": {
      "nrmse": 0.2053819512311067,
      "learning_time": 1
    },
    "run_4": {
      "nrmse": 0.1999961295039923,
      "learning_time": 2
    },
    "run_5": {
      "nrmse": 0.20550650109840657,
      "learning_time": 1
    }
  }
}