{
    "average_learning_time": 155.78656484375,
    "average_nrmse": 0.1459170282177396,
    "runs": {
        "run_1": {
            "learning_time": 125373.52807617188,
            "nrmse": 0.14251211631374597
        },
        "run_2": {
            "learning_time": 116546.81762695312,
            "nrmse": 0.15631131158752665
        },
        "run_3": {
            "learning_time": 115763.08129882812,
            "nrmse": 0.13442136590646428
        },
        "run_4": {
            "learning_time": 204203.72314453125,
            "nrmse": 0.14776154963576085
        },
        "run_5": {
            "learning_time": 217045.67407226562,
            "nrmse": 0.14857879764520038
        }
    }
}