{
    "average_learning_time": 125.994,
    "average_nrmse": 0.18728806782841112,
    "runs": {
        "run_1": {
            "learning_time": 121369,
            "nrmse": 0.18926252436899305
        },
        "run_2": {
            "learning_time": 120732,
            "nrmse": 0.17614895303265327
        },
        "run_3": {
            "learning_time": 125510,
            "nrmse": 0.18179451048166392
        },
        "run_4": {
            "learning_time": 130244,
            "nrmse": 0.19385417435521762
        },
        "run_5": {
            "learning_time": 127489,
            "nrmse": 0.1973546334441096
        }
    }
}