{
    "average_learning_time": 68.22949721679689,
    "average_nrmse": 0.17849176738732833,
    "runs": {
        "run_1": {
            "learning_time": 67749.74096679688,
            "nrmse": 0.18128518824722775
        },
        "run_2": {
            "learning_time": 67669.53198242188,
            "nrmse": 0.17445935513417252
        },
        "run_3": {
            "learning_time": 65990.236328125,
            "nrmse": 0.17553112104502572
        },
        "run_4": {
            "learning_time": 68003.56469726562,
            "nrmse": 0.17358688093563296
        },
        "run_5": {
            "learning_time": 71734.412109375,
            "nrmse": 0.18759629157458269
        }
    }
}