{
    "average_learning_time": 0.068436767578125,
    "average_nrmse": 0.11606429304823958,
    "runs": {
        "run_1": {
            "learning_time": 61.02099609375,
            "nrmse": 0.11554695741413316
        },
        "run_2": {
            "learning_time": 74.6826171875,
            "nrmse": 0.1130842155574584
        },
        "run_3": {
            "learning_time": 63.946533203125,
            "nrmse": 0.11437292541924211
        },
        "run_4": {
            "learning_time": 69.803955078125,
            "nrmse": 0.11300640859662908
        },
        "run_5": {
            "learning_time": 72.729736328125,
            "nrmse": 0.12431095825373517
        }
    }
}