{
  "average_nrmse": 0.21939840796208476,
  "average_learning_time": 2.0E-4,
  "runs": {
    "run_1": {
      "nrmse": 0.21165549420273946,
      "learning_time": 0
    },
    "run_2": {
      "nrmse": 0.22885076531018186,
      "learning_time": 0
    },
    "run_3": {
      "nrmse": 0.2166302207210498,
      "learning_time": 1
    },
    "run_4": {
      "nrmse": 0.21594366158095893,
      "learning_time": 0
    },
    "run_5": {
      "nrmse": 0.2239118979954938,
      "learning_time": 0
    }
  }
}