{
    "average_learning_time": 0.07604946289062499,
    "average_nrmse": 0.08895686865100748,
    "runs": {
        "run_1": {
            "learning_time": 67.34423828125,
            "nrmse": 0.0892825393128167
        },
        "run_2": {
            "learning_time": 89.792236328125,
            "nrmse": 0.0787306659998121
        },
        "run_3": {
            "learning_time": 69.37109375,
            "nrmse": 0.08466317764614505
        },
        "run_4": {
            "learning_time": 75.659423828125,
            "nrmse": 0.07883405326467773
        },
        "run_5": {
            "learning_time": 78.080322265625,
            "nrmse": 0.1132739070315858
        }
    }
}