{
  "average_nrmse": 0.2167865209616891,
  "average_learning_time": 0.0,
  "runs": {
    "run_1": {
      "nrmse": 0.20436531316854326,
      "learning_time": 0
    },
    "run_2": {
      "nrmse": 0.22565120516150106,
      "learning_time": 0
    },
    "run_3": {
      "nrmse": 0.21369899872616616,
      "learning_time": 0
    },
    "run_4": {
      "nrmse": 0.21618396334503742,
      "learning_time": 0
    },
    "run_5": {
      "nrmse": 0.2240331244071977,
      "learning_time": 0
    }
  }
}