{
    "average_learning_time": 74.85654223632812,
    "average_nrmse": 0.13127522351581877,
    "runs": {
        "run_1": {
            "learning_time": 71297.8349609375,
            "nrmse": 0.12196334751355545
        },
        "run_2": {
            "learning_time": 79394.42895507812,
            "nrmse": 0.12710922222520912
        },
        "run_3": {
            "learning_time": 74841.47607421875,
            "nrmse": 0.13224893482134725
        },
        "run_4": {
            "learning_time": 74208.09936523438,
            "nrmse": 0.12783565139207925
        },
        "run_5": {
            "learning_time": 74540.87182617188,
            "nrmse": 0.14721896162690282
        }
    }
}