{
    "average_learning_time": 0.048533154296875,
    "average_nrmse": 0.18102928812402572,
    "runs": {
        "run_1": {
            "learning_time": 64.415771484375,
            "nrmse": 0.17971515207694044
        },
        "run_2": {
            "learning_time": 52.77880859375,
            "nrmse": 0.17865164761615082
        },
        "run_3": {
            "learning_time": 63.440673828125,
            "nrmse": 0.1813143964471853
        },
        "run_4": {
            "learning_time": 29.82275390625,
            "nrmse": 0.17224499072627644
        },
        "run_5": {
            "learning_time": 32.207763671875,
            "nrmse": 0.19322025375357565
        }
    }
}