{
    "average_learning_time": 0.06863095703125001,
    "average_nrmse": 0.15749460537256352,
    "runs": {
        "run_1": {
            "learning_time": 58.560546875,
            "nrmse": 0.16190024500803424
        },
        "run_2": {
            "learning_time": 70.849609375,
            "nrmse": 0.15365241771795304
        },
        "run_3": {
            "learning_time": 66.369140625,
            "nrmse": 0.15757251997539687
        },
        "run_4": {
            "learning_time": 69.295654296875,
            "nrmse": 0.14452896634228396
        },
        "run_5": {
            "learning_time": 78.079833984375,
            "nrmse": 0.16981887781914948
        }
    }
}