{
    "average_learning_time": 76.01799682617188,
    "average_nrmse": 0.14960206370927068,
    "runs": {
        "run_1": {
            "learning_time": 74620.79296875,
            "nrmse": 0.1449922873461822
        },
        "run_2": {
            "learning_time": 73523.89477539062,
            "nrmse": 0.1549070833659378
        },
        "run_3": {
            "learning_time": 77621.0166015625,
            "nrmse": 0.14412119328864953
        },
        "run_4": {
            "learning_time": 78163.77905273438,
            "nrmse": 0.14560798529225857
        },
        "run_5": {
            "learning_time": 76160.50073242188,
            "nrmse": 0.15838176925332526
        }
    }
}