{
    "average_learning_time": 61.57987133789062,
    "average_nrmse": 0.16032010773408975,
    "runs": {
        "run_1": {
            "learning_time": 60759.124267578125,
            "nrmse": 0.16085848674907324
        },
        "run_2": {
            "learning_time": 63448.201171875,
            "nrmse": 0.1599945539935324
        },
        "run_3": {
            "learning_time": 60347.72900390625,
            "nrmse": 0.14883428999686638
        },
        "run_4": {
            "learning_time": 61854.401123046875,
            "nrmse": 0.15758482665896836
        },
        "run_5": {
            "learning_time": 61489.901123046875,
            "nrmse": 0.17432838127200834
        }
    }
}