{
    "average_learning_time": 0.06304990234374999,
    "average_nrmse": 0.13718851152369377,
    "runs": {
        "run_1": {
            "learning_time": 53.680419921875,
            "nrmse": 0.13646089517817447
        },
        "run_2": {
            "learning_time": 55.63232421875,
            "nrmse": 0.13705308152487866
        },
        "run_3": {
            "learning_time": 63.440185546875,
            "nrmse": 0.1308991290938564
        },
        "run_4": {
            "learning_time": 74.176513671875,
            "nrmse": 0.1403389236391058
        },
        "run_5": {
            "learning_time": 68.320068359375,
            "nrmse": 0.1411905281824536
        }
    }
}