{
    "average_learning_time": 66.204496875,
    "average_nrmse": 0.1924568284629146,
    "runs": {
        "run_1": {
            "learning_time": 66431.01733398438,
            "nrmse": 0.18608381405797417
        },
        "run_2": {
            "learning_time": 64683.591796875,
            "nrmse": 0.19837756233834666
        },
        "run_3": {
            "learning_time": 65331.169189453125,
            "nrmse": 0.1870695915228847
        },
        "run_4": {
            "learning_time": 67010.146484375,
            "nrmse": 0.1912397800106337
        },
        "run_5": {
            "learning_time": 67566.5595703125,
            "nrmse": 0.19951339438473364
        }
    }
}