{
    "average_learning_time": 0.06511708984374999,
    "average_nrmse": 0.10635726297606715,
    "runs": {
        "run_1": {
            "learning_time": 56.60791015625,
            "nrmse": 0.11279374646841563
        },
        "run_2": {
            "learning_time": 61.48828125,
            "nrmse": 0.10681854588384314
        },
        "run_3": {
            "learning_time": 76.12841796875,
            "nrmse": 0.1103451519094425
        },
        "run_4": {
            "learning_time": 63.040283203125,
            "nrmse": 0.10004519299494014
        },
        "run_5": {
            "learning_time": 68.320556640625,
            "nrmse": 0.10178367762369439
        }
    }
}