{
    "average_learning_time": 360.588,
    "average_nrmse": 0.17371238991975918,
    "runs": {
        "run_1": {
            "learning_time": 373143,
            "nrmse": 0.17402097961448573
        },
        "run_2": {
            "learning_time": 375487,
            "nrmse": 0.17466252569247584
        },
        "run_3": {
            "learning_time": 367433,
            "nrmse": 0.17070331576284103
        },
        "run_4": {
            "learning_time": 353189,
            "nrmse": 0.17319355776129178
        },
        "run_5": {
            "learning_time": 346242,
            "nrmse": 0.17629016046242807
        }
    }
}