{
    "average_learning_time": 66.30681220703126,
    "average_nrmse": 0.1432778682940278,
    "runs": {
        "run_1": {
            "learning_time": 65031.283935546875,
            "nrmse": 0.13765600815274137
        },
        "run_2": {
            "learning_time": 65634.11181640625,
            "nrmse": 0.1554512014204855
        },
        "run_3": {
            "learning_time": 66738.98852539062,
            "nrmse": 0.13855101468421552
        },
        "run_4": {
            "learning_time": 66235.67626953125,
            "nrmse": 0.13410872981847202
        },
        "run_5": {
            "learning_time": 67894.00048828125,
            "nrmse": 0.15062238739422468
        }
    }
}