{
    "average_learning_time": 0.956238720703125,
    "average_nrmse": 0.03808787230816497,
    "runs": {
        "run_1": {
            "learning_time": 1343.719970703125,
            "nrmse": 0.03683297259177871
        },
        "run_2": {
            "learning_time": 843.7451171875,
            "nrmse": 0.042138482983540546
        },
        "run_3": {
            "learning_time": 796.86865234375,
            "nrmse": 0.039212786292012816
        },
        "run_4": {
            "learning_time": 796.8720703125,
            "nrmse": 0.03834699145317275
        },
        "run_5": {
            "learning_time": 999.98779296875,
            "nrmse": 0.03390812822031999
        }
    }
}