{
    "average_learning_time": 0.5374882324218749,
    "average_nrmse": 0.04606113973327576,
    "runs": {
        "run_1": {
            "learning_time": 656.247314453125,
            "nrmse": 0.04515515187540097
        },
        "run_2": {
            "learning_time": 390.599853515625,
            "nrmse": 0.04599767650324551
        },
        "run_3": {
            "learning_time": 656.24755859375,
            "nrmse": 0.046458650825409877
        },
        "run_4": {
            "learning_time": 515.597900390625,
            "nrmse": 0.047621871947137476
        },
        "run_5": {
            "learning_time": 468.74853515625,
            "nrmse": 0.045072347515184984
        }
    }
}