{
    "average_learning_time": 293.1798111816406,
    "average_nrmse": 0.06776913302755105,
    "runs": {
        "run_1": {
            "learning_time": 295560.68603515625,
            "nrmse": 0.06531043006560087
        },
        "run_2": {
            "learning_time": 292995.3923339844,
            "nrmse": 0.06813424571045071
        },
        "run_3": {
            "learning_time": 291763.2585449219,
            "nrmse": 0.06910190343702659
        },
        "run_4": {
            "learning_time": 291909.2980957031,
            "nrmse": 0.06949657896903053
        },
        "run_5": {
            "learning_time": 293670.4208984375,
            "nrmse": 0.0668025069556466
        }
    }
}