{
    "average_learning_time": 314155.79,
    "average_nrmse": 0.11776102739662284,
    "runs": {
        "run_1": {
            "learning_time": 312543886,
            "nrmse": 0.11929696098386884
        },
        "run_2": {
            "learning_time": 326807701,
            "nrmse": 0.11012293118515663
        },
        "run_3": {
            "learning_time": 311992128,
            "nrmse": 0.11844024534421761
        },
        "run_4": {
            "learning_time": 309939430,
            "nrmse": 0.1267689084353042
        },
        "run_5": {
            "learning_time": 307883902,
            "nrmse": 0.11571202462181289
        }
    }
}