{
    "average_learning_time": 0.43749643554687495,
    "average_nrmse": 0.058728512027656145,
    "runs": {
        "run_1": {
            "learning_time": 406.245361328125,
            "nrmse": 0.05860886065597304
        },
        "run_2": {
            "learning_time": 390.621337890625,
            "nrmse": 0.0576772762400468
        },
        "run_3": {
            "learning_time": 453.123291015625,
            "nrmse": 0.05790995751716007
        },
        "run_4": {
            "learning_time": 624.998046875,
            "nrmse": 0.057492708916600715
        },
        "run_5": {
            "learning_time": 312.494140625,
            "nrmse": 0.06195375680850012
        }
    }
}