{
    "average_learning_time": 250.90970859375,
    "average_nrmse": 0.08432810288172447,
    "runs": {
        "run_1": {
            "learning_time": 251244.25366210938,
            "nrmse": 0.08343583202594575
        },
        "run_2": {
            "learning_time": 249865.140625,
            "nrmse": 0.08498860478997909
        },
        "run_3": {
            "learning_time": 251222.02368164062,
            "nrmse": 0.08467228302698705
        },
        "run_4": {
            "learning_time": 252813.00952148438,
            "nrmse": 0.08294528069852262
        },
        "run_5": {
            "learning_time": 249404.11547851562,
            "nrmse": 0.08559851386718784
        }
    }
}