{
  "average_nrmse": 0.13918917649672452,
  "average_learning_time": 0.0046,
  "runs": {
    "run_1": {
      "nrmse": 0.1383410552665003,
      "learning_time": 6
    },
    "run_2": {
      "nrmse": 0.1398940156725618,
      "learning_time": 11
    },
    "run_3": {
      "nrmse": 0.13977394310280114,
      "learning_time": 2
    },
    "run_4": {
      "nrmse": 0.13808426910452345,
      "learning_time": 2
    },
    "run_5": {
      "nrmse": 0.13985259933723598,
      "learning_time": 2
    }
  }
}