{
    "average_learning_time": 251.25517231445312,
    "average_nrmse": 0.07304884418784688,
    "runs": {
        "run_1": {
            "learning_time": 251107.990234375,
            "nrmse": 0.07171295940539281
        },
        "run_2": {
            "learning_time": 252857.99072265625,
            "nrmse": 0.07301343007913615
        },
        "run_3": {
            "learning_time": 248636.25,
            "nrmse": 0.0752597441246328
        },
        "run_4": {
            "learning_time": 250888.45043945312,
            "nrmse": 0.07224928575934689
        },
        "run_5": {
            "learning_time": 252785.18017578125,
            "nrmse": 0.07300880157072574
        }
    }
}