{
    "average_learning_time": 250.66961748046876,
    "average_nrmse": 0.07910272601255675,
    "runs": {
        "run_1": {
            "learning_time": 251349.59643554688,
            "nrmse": 0.07829984829675778
        },
        "run_2": {
            "learning_time": 251166.52294921875,
            "nrmse": 0.07878672639239519
        },
        "run_3": {
            "learning_time": 248686.56030273438,
            "nrmse": 0.07924476293199191
        },
        "run_4": {
            "learning_time": 251094.52294921875,
            "nrmse": 0.07744908587716924
        },
        "run_5": {
            "learning_time": 251050.884765625,
            "nrmse": 0.08173320656446961
        }
    }
}