{
    "average_learning_time": 489687.499,
    "average_nrmse": 0.13775235141037603,
    "runs": {
        "run_1": {
            "learning_time": 484057687,
            "nrmse": 0.14065991360090416
        },
        "run_2": {
            "learning_time": 481100301,
            "nrmse": 0.1400467592142695
        },
        "run_3": {
            "learning_time": 493502323,
            "nrmse": 0.13736376369004424
        },
        "run_4": {
            "learning_time": 507144861,
            "nrmse": 0.1361566817823391
        },
        "run_5": {
            "learning_time": 477002512,
            "nrmse": 0.1374422009548513
        }
    }
}