{
  "average_nrmse": 0.13782618283243495,
  "average_learning_time": 52.6616,
  "runs": {
    "run_1": {
      "nrmse": 0.13663333873252223,
      "learning_time": 50233
    },
    "run_2": {
      "nrmse": 0.13915168758406132,
      "learning_time": 58128
    },
    "run_3": {
      "nrmse": 0.13867053285523692,
      "learning_time": 50020
    },
    "run_4": {
      "nrmse": 0.13652324856560988,
      "learning_time": 47500
    },
    "run_5": {
      "nrmse": 0.13815210642474451,
      "learning_time": 57427
    }
  }
}