{
    "average_learning_time": 196793.594,
    "average_nrmse": 0.15654653955448367,
    "runs": {
        "run_1": {
            "learning_time": 198931524,
            "nrmse": 0.15202420068786038
        },
        "run_2": {
            "learning_time": 199398705,
            "nrmse": 0.15984897439294626
        },
        "run_3": {
            "learning_time": 193980490,
            "nrmse": 0.15280534641462898
        },
        "run_4": {
            "learning_time": 199844627,
            "nrmse": 0.15514297278168693
        },
        "run_5": {
            "learning_time": 193950554,
            "nrmse": 0.1583888646286724
        }
    }
}