{
    "average_learning_time": 564783.416,
    "average_nrmse": 0.10443833418120965,
    "runs": {
        "run_1": {
            "learning_time": 549637697,
            "nrmse": 0.10415902006989702
        },
        "run_2": {
            "learning_time": 557273737,
            "nrmse": 0.10814580952914286
        },
        "run_3": {
            "learning_time": 559274757,
            "nrmse": 0.10327560871941567
        },
        "run_4": {
            "learning_time": 567704569,
            "nrmse": 0.10477111055440598
        },
        "run_5": {
            "learning_time": 574880601,
            "nrmse": 0.10156080792187414
        }
    }
}