{
    "average_learning_time": 429.4845253417969,
    "average_nrmse": 0.06395909964723683,
    "runs": {
        "run_1": {
            "learning_time": 308959.3796386719,
            "nrmse": 0.06086890635935565
        },
        "run_2": {
            "learning_time": 473342.431640625,
            "nrmse": 0.06917309341554
        },
        "run_3": {
            "learning_time": 483010.232421875,
            "nrmse": 0.06389934396257053
        },
        "run_4": {
            "learning_time": 488898.2692871094,
            "nrmse": 0.06277376232247524
        },
        "run_5": {
            "learning_time": 393212.3137207031,
            "nrmse": 0.06308039217624273
        }
    }
}