{
    "average_learning_time": 0.7939572265625,
    "average_nrmse": 0.05101820398147713,
    "runs": {
        "run_1": {
            "learning_time": 984.37109375,
            "nrmse": 0.05064385080086955
        },
        "run_2": {
            "learning_time": 906.23974609375,
            "nrmse": 0.051591763154888046
        },
        "run_3": {
            "learning_time": 1141.702880859375,
            "nrmse": 0.05130267278623257
        },
        "run_4": {
            "learning_time": 437.479248046875,
            "nrmse": 0.05198321842566043
        },
        "run_5": {
            "learning_time": 499.9931640625,
            "nrmse": 0.04956951473973506
        }
    }
}