{
    "average_learning_time": 234902.256,
    "average_nrmse": 0.11457718591979904,
    "runs": {
        "run_1": {
            "learning_time": 235612100,
            "nrmse": 0.11509712946687836
        },
        "run_2": {
            "learning_time": 228397048,
            "nrmse": 0.11126646671754149
        },
        "run_3": {
            "learning_time": 235592842,
            "nrmse": 0.11352094524603956
        },
        "run_4": {
            "learning_time": 223975755,
            "nrmse": 0.11604831709000983
        },
        "run_5": {
            "learning_time": 251643380,
            "nrmse": 0.11747301462560528
        }
    }
}