{
  "average_nrmse": 0.13756676226985257,
  "average_learning_time": 52.226800000000004,
  "runs": {
    "run_1": {
      "nrmse": 0.13704185805614078,
      "learning_time": 47902
    },
    "run_2": {
      "nrmse": 0.1384505617980865,
      "learning_time": 48843
    },
    "run_3": {
      "nrmse": 0.13871827355539793,
      "learning_time": 48939
    },
    "run_4": {
      "nrmse": 0.13489874500838298,
      "learning_time": 62441
    },
    "run_5": {
      "nrmse": 0.13872437293125459,
      "learning_time": 53009
    }
  }
}