{
    "average_learning_time": 0.31873515625,
    "average_nrmse": 0.06806653664317193,
    "runs": {
        "run_1": {
            "learning_time": 328.123046875,
            "nrmse": 0.06746149150556818
        },
        "run_2": {
            "learning_time": 312.498046875,
            "nrmse": 0.06691812763603824
        },
        "run_3": {
            "learning_time": 328.101806640625,
            "nrmse": 0.06916936178130491
        },
        "run_4": {
            "learning_time": 312.47705078125,
            "nrmse": 0.06680240077892653
        },
        "run_5": {
            "learning_time": 312.475830078125,
            "nrmse": 0.06998130151402177
        }
    }
}