{
  "average_learning_time": 2.2408,
  "average_test_LL": -673.7791282450404,
  "average_train_BIC": -6101.998858105891,
  "folds": {
    "fold_1": {
      "test_LL": -652.3836959885952,
      "train_BIC": -6092.0991001258935,
      "learning_time": 2864
    },
    "fold_2": {
      "test_LL": -653.2105779229413,
      "train_BIC": -6059.922851790057,
      "learning_time": 2104
    },
    "fold_3": {
      "test_LL": -801.1058391432243,
      "train_BIC": -6112.063486874909,
      "learning_time": 2709
    },
    "fold_4": {
      "test_LL": -632.3360474593669,
      "train_BIC": -6177.860132558078,
      "learning_time": 2346
    },
    "fold_5": {
      "test_LL": -608.5555369171404,
      "train_BIC": -6165.897853838405,
      "learning_time": 2011
    },
    "fold_6": {
      "test_LL": -632.2385660080315,
      "train_BIC": -6124.061381269301,
      "learning_time": 2146
    },
    "fold_7": {
      "test_LL": -649.8110373743651,
      "train_BIC": -6166.612903420459,
      "learning_time": 2921
    },
    "fold_8": {
      "test_LL": -761.438572950813,
      "train_BIC": -6053.671245684394,
      "learning_time": 1852
    },
    "fold_9": {
      "test_LL": -653.7239701566532,
      "train_BIC": -6055.029357941205,
      "learning_time": 1653
    },
    "fold_10": {
      "test_LL": -692.9874385292736,
      "train_BIC": -6012.770267556205,
      "learning_time": 1802
    }
  }
}