{
    "average_learning_time": 9.763170190429689,
    "average_test_LL": -2412.3398287978293,
    "folds": {
        "fold_1": {
            "learning_time": 11162.176513671875,
            "test_LL": -1750.5806561816585
        },
        "fold_10": {
            "learning_time": 9584.469482421875,
            "test_LL": -3208.4247520762797
        },
        "fold_2": {
            "learning_time": 10627.75048828125,
            "test_LL": -3015.5288010578697
        },
        "fold_3": {
            "learning_time": 9368.6103515625,
            "test_LL": -2496.7033077327837
        },
        "fold_4": {
            "learning_time": 8819.979736328125,
            "test_LL": -1660.6686331452252
        },
        "fold_5": {
            "learning_time": 9343.71435546875,
            "test_LL": -1145.7096643508637
        },
        "fold_6": {
            "learning_time": 8964.51318359375,
            "test_LL": -2466.798078059373
        },
        "fold_7": {
            "learning_time": 10017.27294921875,
            "test_LL": -2881.1554928796336
        },
        "fold_8": {
            "learning_time": 10235.713134765625,
            "test_LL": -3054.550981793941
        },
        "fold_9": {
            "learning_time": 9507.501708984375,
            "test_LL": -2443.2779207006633
        }
    }
}