{
  "average_learning_time": 1361.0906,
  "average_test_LL": -121.31011520210396,
  "average_train_BIC": -2661.2168630142432,
  "folds": {
    "fold_1": {
      "test_LL": -120.7428584814645,
      "train_BIC": -1898.0656255674485,
      "learning_time": 684091
    },
    "fold_2": {
      "test_LL": -124.41574752175798,
      "train_BIC": -1943.0141685781896,
      "learning_time": 805538
    },
    "fold_3": {
      "test_LL": -122.9621160147147,
      "train_BIC": -2718.819154971095,
      "learning_time": 2409474
    },
    "fold_4": {
      "test_LL": -114.33366249250072,
      "train_BIC": -2472.6443534897107,
      "learning_time": 1465875
    },
    "fold_5": {
      "test_LL": -115.56538803132611,
      "train_BIC": -2702.0952033622916,
      "learning_time": 1438279
    },
    "fold_6": {
      "test_LL": -118.52150041976223,
      "train_BIC": -2709.980868136814,
      "learning_time": 1674012
    },
    "fold_7": {
      "test_LL": -104.2965237010896,
      "train_BIC": -2772.5843848280056,
      "learning_time": 1141654
    },
    "fold_8": {
      "test_LL": -123.98179084902387,
      "train_BIC": -2460.207754791413,
      "learning_time": 931367
    },
    "fold_9": {
      "test_LL": -120.2858795652513,
      "train_BIC": -3803.572521803518,
      "learning_time": 2093483
    },
    "fold_10": {
      "test_LL": -147.99568494414876,
      "train_BIC": -3131.1845946139465,
      "learning_time": 967133
    }
  }
}