{
    "average_learning_time": 1.3157770507812498,
    "average_test_LL": -194.19744178115906,
    "folds": {
        "fold_1": {
            "learning_time": 1667.25244140625,
            "test_LL": -180.6468611027753
        },
        "fold_10": {
            "learning_time": 1763.08056640625,
            "test_LL": -136.1698538244879
        },
        "fold_2": {
            "learning_time": 1093.531982421875,
            "test_LL": -300.7820682586259
        },
        "fold_3": {
            "learning_time": 1028.773681640625,
            "test_LL": -48.895041669588075
        },
        "fold_4": {
            "learning_time": 1302.25927734375,
            "test_LL": -50.759068921088286
        },
        "fold_5": {
            "learning_time": 1158.67431640625,
            "test_LL": -471.2460924639888
        },
        "fold_6": {
            "learning_time": 1062.4814453125,
            "test_LL": -231.79620527844918
        },
        "fold_7": {
            "learning_time": 1163.8642578125,
            "test_LL": -131.54438543580642
        },
        "fold_8": {
            "learning_time": 1270.210205078125,
            "test_LL": -210.86458421079013
        },
        "fold_9": {
            "learning_time": 1647.642333984375,
            "test_LL": -179.27025664599066
        }
    }
}