{
    "average_learning_time": 0.027373583984374998,
    "average_test_LL": -750.5676554051445,
    "folds": {
        "fold_1": {
            "learning_time": 26.7060546875,
            "test_LL": -749.8038953144113
        },
        "fold_10": {
            "learning_time": 27.115478515625,
            "test_LL": -758.5335925646949
        },
        "fold_2": {
            "learning_time": 26.668212890625,
            "test_LL": -754.8573737051482
        },
        "fold_3": {
            "learning_time": 26.4267578125,
            "test_LL": -756.922365016852
        },
        "fold_4": {
            "learning_time": 26.0244140625,
            "test_LL": -748.9196894753719
        },
        "fold_5": {
            "learning_time": 32.089599609375,
            "test_LL": -739.1477491842113
        },
        "fold_6": {
            "learning_time": 28.70751953125,
            "test_LL": -745.9139276385414
        },
        "fold_7": {
            "learning_time": 26.42431640625,
            "test_LL": -747.4311853977999
        },
        "fold_8": {
            "learning_time": 26.8681640625,
            "test_LL": -753.3967588920101
        },
        "fold_9": {
            "learning_time": 26.705322265625,
            "test_LL": -750.7500168624034
        }
    }
}