{
  "average_learning_time": 0.0577,
  "average_test_LL": -87.57755878181771,
  "average_train_BIC": -616.3698512455419,
  "folds": {
    "fold_1": {
      "test_LL": -47.17712933771372,
      "train_BIC": -648.7588350736457,
      "learning_time": 66
    },
    "fold_2": {
      "test_LL": -47.17712933771372,
      "train_BIC": -648.7588350736457,
      "learning_time": 61
    },
    "fold_3": {
      "test_LL": -47.17712933771372,
      "train_BIC": -648.7588350736457,
      "learning_time": 61
    },
    "fold_4": {
      "test_LL": -47.17712933771372,
      "train_BIC": -648.7588350736457,
      "learning_time": 71
    },
    "fold_5": {
      "test_LL": -267.9132563904722,
      "train_BIC": -490.5062716985169,
      "learning_time": 39
    },
    "fold_6": {
      "test_LL": -94.11411003116925,
      "train_BIC": -609.1636269382915,
      "learning_time": 53
    },
    "fold_7": {
      "test_LL": -93.89244826075497,
      "train_BIC": -611.1049886388929,
      "learning_time": 62
    },
    "fold_8": {
      "test_LL": -87.52636448916398,
      "train_BIC": -601.292652801293,
      "learning_time": 55
    },
    "fold_9": {
      "test_LL": -63.81860850495326,
      "train_BIC": -634.570352579328,
      "learning_time": 52
    },
    "fold_10": {
      "test_LL": -79.80228279080855,
      "train_BIC": -622.0252795045144,
      "learning_time": 57
    }
  }
}