{
    "average_learning_time": 0.0131264892578125,
    "average_test_LL": -253.1866582037669,
    "folds": {
        "fold_1": {
            "learning_time": 13.1376953125,
            "test_LL": -247.79100253599535
        },
        "fold_10": {
            "learning_time": 13.90771484375,
            "test_LL": -273.2838980278654
        },
        "fold_2": {
            "learning_time": 13.01220703125,
            "test_LL": -251.29151646064096
        },
        "fold_3": {
            "learning_time": 12.876708984375,
            "test_LL": -251.7369469628434
        },
        "fold_4": {
            "learning_time": 12.929443359375,
            "test_LL": -252.64587214458294
        },
        "fold_5": {
            "learning_time": 13.162109375,
            "test_LL": -249.45232088628958
        },
        "fold_6": {
            "learning_time": 13.246337890625,
            "test_LL": -247.58146744190228
        },
        "fold_7": {
            "learning_time": 12.98876953125,
            "test_LL": -250.99289989230368
        },
        "fold_8": {
            "learning_time": 13.151123046875,
            "test_LL": -250.9813179639634
        },
        "fold_9": {
            "learning_time": 12.852783203125,
            "test_LL": -256.1093397212823
        }
    }
}