{
    "average_accuracy": 0.8250500660258768,
    "average_learning_time": 2451.816,
    "runs": {
        "run_1": {
            "accuracy": 0.8206997084548106,
            "learning_time": 2434069
        },
        "run_2": {
            "accuracy": 0.8406140992221656,
            "learning_time": 2419444
        },
        "run_3": {
            "accuracy": 0.8229068802763868,
            "learning_time": 2418055
        },
        "run_4": {
            "accuracy": 0.8187445081332065,
            "learning_time": 2356085
        },
        "run_5": {
            "accuracy": 0.8179347764717485,
            "learning_time": 2613682
        }
    }
}