{
    "average_learning_time": 0.164264306640625,
    "average_accuracy": 0.7403883495145631,
    "runs": {
        "run_1": {
            "accuracy": 0.7223300970873786,
            "learning_time": 229.360107421875
        },
        "run_2": {
            "accuracy": 0.7572815533980582,
            "learning_time": 195.706298828125
        },
        "run_3": {
            "accuracy": 0.7475728155339806,
            "learning_time": 119.072265625
        },
        "run_4": {
            "accuracy": 0.7281553398058253,
            "learning_time": 154.20703125
        },
        "run_5": {
            "accuracy": 0.7466019417475728,
            "learning_time": 122.975830078125
        }
    }
}