{
    "average_learning_time": 0.04099912109375,
    "average_nrmse": 0.14559391517857678,
    "runs": {
        "run_1": {
            "learning_time": 52.231689453125,
            "nrmse": 0.13920835193747982
        },
        "run_2": {
            "learning_time": 45.87158203125,
            "nrmse": 0.14559548640842584
        },
        "run_3": {
            "learning_time": 39.043701171875,
            "nrmse": 0.14005240027999452
        },
        "run_4": {
            "learning_time": 35.134765625,
            "nrmse": 0.15660539174080595
        },
        "run_5": {
            "learning_time": 32.7138671875,
            "nrmse": 0.1465079455261778
        }
    }
}