{
    "average_learning_time": 0.057982421875,
    "average_nrmse": 0.16735925446698277,
    "runs": {
        "run_1": {
            "learning_time": 47.824462890625,
            "nrmse": 0.16040550034871137
        },
        "run_2": {
            "learning_time": 66.368408203125,
            "nrmse": 0.16288637215324808
        },
        "run_3": {
            "learning_time": 57.582763671875,
            "nrmse": 0.16558808348068915
        },
        "run_4": {
            "learning_time": 52.23388671875,
            "nrmse": 0.17625868688556445
        },
        "run_5": {
            "learning_time": 65.902587890625,
            "nrmse": 0.1716576294667007
        }
    }
}