{
    "average_learning_time": 62.83461806640625,
    "average_nrmse": 0.15731713427761962,
    "runs": {
        "run_1": {
            "learning_time": 62707.466552734375,
            "nrmse": 0.1554868164740431
        },
        "run_2": {
            "learning_time": 63544.341796875,
            "nrmse": 0.16315888525406397
        },
        "run_3": {
            "learning_time": 63252.490966796875,
            "nrmse": 0.1591523742448704
        },
        "run_4": {
            "learning_time": 62756.9130859375,
            "nrmse": 0.15536203559072403
        },
        "run_5": {
            "learning_time": 61911.8779296875,
            "nrmse": 0.15342555982439654
        }
    }
}