{
    "average_learning_time": 849.487,
    "average_nrmse": 0.17712093445593344,
    "runs": {
        "run_1": {
            "learning_time": 865372,
            "nrmse": 0.17275977305786133
        },
        "run_2": {
            "learning_time": 878155,
            "nrmse": 0.17528766084835234
        },
        "run_3": {
            "learning_time": 865665,
            "nrmse": 0.1735387770744121
        },
        "run_4": {
            "learning_time": 815204,
            "nrmse": 0.1735635775319786
        },
        "run_5": {
            "learning_time": 838923,
            "nrmse": 0.18609372236899072
        }
    }
}