{
    "average_learning_time": 0.058863232421874995,
    "average_nrmse": 0.1602404125243208,
    "runs": {
        "run_1": {
            "learning_time": 49.30517578125,
            "nrmse": 0.15434278581768332
        },
        "run_2": {
            "learning_time": 68.825439453125,
            "nrmse": 0.16066700334716105
        },
        "run_3": {
            "learning_time": 61.99365234375,
            "nrmse": 0.1626201833927538
        },
        "run_4": {
            "learning_time": 43.920166015625,
            "nrmse": 0.16553050626436516
        },
        "run_5": {
            "learning_time": 70.271728515625,
            "nrmse": 0.15804158379964076
        }
    }
}