{
    "average_learning_time": 0.046074755859375004,
    "average_nrmse": 0.1510054414001452,
    "runs": {
        "run_1": {
            "learning_time": 36.1123046875,
            "nrmse": 0.14030546266590443
        },
        "run_2": {
            "learning_time": 63.440673828125,
            "nrmse": 0.15531621880024463
        },
        "run_3": {
            "learning_time": 54.186279296875,
            "nrmse": 0.14936992708145783
        },
        "run_4": {
            "learning_time": 43.45068359375,
            "nrmse": 0.1581152177230498
        },
        "run_5": {
            "learning_time": 33.183837890625,
            "nrmse": 0.15192038073006925
        }
    }
}