{
  "average_nrmse": 0.18343656006515963,
  "average_learning_time": 2.0E-4,
  "runs": {
    "run_1": {
      "nrmse": 0.18406608741185354,
      "learning_time": 0
    },
    "run_2": {
      "nrmse": 0.17799995432451654,
      "learning_time": 0
    },
    "run_3": {
      "nrmse": 0.1859649635871308,
      "learning_time": 1
    },
    "run_4": {
      "nrmse": 0.18985136079774229,
      "learning_time": 0
    },
    "run_5": {
      "nrmse": 0.17930043420455488,
      "learning_time": 0
    }
  }
}