{
    "average_learning_time": 0.041967626953124997,
    "average_nrmse": 0.13189767137758884,
    "runs": {
        "run_1": {
            "learning_time": 57.58447265625,
            "nrmse": 0.11935708874852177
        },
        "run_2": {
            "learning_time": 39.0380859375,
            "nrmse": 0.14091009562728712
        },
        "run_3": {
            "learning_time": 39.04150390625,
            "nrmse": 0.11662676916300703
        },
        "run_4": {
            "learning_time": 38.063232421875,
            "nrmse": 0.1468395228787526
        },
        "run_5": {
            "learning_time": 36.11083984375,
            "nrmse": 0.13575488047037565
        }
    }
}