{
    "average_learning_time": 60.8708521484375,
    "average_nrmse": 0.15164898861881423,
    "runs": {
        "run_1": {
            "learning_time": 60076.670166015625,
            "nrmse": 0.15347667532884202
        },
        "run_2": {
            "learning_time": 59167.26513671875,
            "nrmse": 0.15684393383427603
        },
        "run_3": {
            "learning_time": 61983.084228515625,
            "nrmse": 0.1456127928491501
        },
        "run_4": {
            "learning_time": 60701.31298828125,
            "nrmse": 0.1528513472202725
        },
        "run_5": {
            "learning_time": 62425.92822265625,
            "nrmse": 0.14946019386153053
        }
    }
}