{
    "average_learning_time": 790.796,
    "average_nrmse": 0.20405166132205313,
    "runs": {
        "run_1": {
            "learning_time": 825534,
            "nrmse": 0.20499395778863833
        },
        "run_2": {
            "learning_time": 738718,
            "nrmse": 0.20352230798933987
        },
        "run_3": {
            "learning_time": 812329,
            "nrmse": 0.20038799580797345
        },
        "run_4": {
            "learning_time": 792893,
            "nrmse": 0.21043647109432612
        },
        "run_5": {
            "learning_time": 819246,
            "nrmse": 0.20185987039657316
        }
    }
}