{
    "average_learning_time": 58.28736791992188,
    "average_nrmse": 0.1431988532897297,
    "runs": {
        "run_1": {
            "learning_time": 55773.884033203125,
            "nrmse": 0.1330718468151076
        },
        "run_2": {
            "learning_time": 58144.632080078125,
            "nrmse": 0.14549474115946126
        },
        "run_3": {
            "learning_time": 58516.285400390625,
            "nrmse": 0.1301241773514649
        },
        "run_4": {
            "learning_time": 58903.46337890625,
            "nrmse": 0.15507203995576124
        },
        "run_5": {
            "learning_time": 60098.57470703125,
            "nrmse": 0.15223146116685354
        }
    }
}