{
    "average_learning_time": 58.851593359375,
    "average_nrmse": 0.15311427795833804,
    "runs": {
        "run_1": {
            "learning_time": 58596.697998046875,
            "nrmse": 0.1491345004765967
        },
        "run_2": {
            "learning_time": 60161.404052734375,
            "nrmse": 0.15497192906173854
        },
        "run_3": {
            "learning_time": 58286.417236328125,
            "nrmse": 0.14989611116166077
        },
        "run_4": {
            "learning_time": 59038.854736328125,
            "nrmse": 0.1551440367996659
        },
        "run_5": {
            "learning_time": 58174.5927734375,
            "nrmse": 0.15642481229202826
        }
    }
}