{
    "average_learning_time": 301.193,
    "average_nrmse": 0.16690395582267734,
    "runs": {
        "run_1": {
            "learning_time": 293300,
            "nrmse": 0.1676996937547324
        },
        "run_2": {
            "learning_time": 302838,
            "nrmse": 0.16487789257275515
        },
        "run_3": {
            "learning_time": 328387,
            "nrmse": 0.16650936663504287
        },
        "run_4": {
            "learning_time": 279309,
            "nrmse": 0.16619915526034704
        },
        "run_5": {
            "learning_time": 294236,
            "nrmse": 0.17002940882256437
        }
    }
}