{
    "average_learning_time": 0.033198583984375,
    "average_nrmse": 0.13958855076713528,
    "runs": {
        "run_1": {
            "learning_time": 45.945556640625,
            "nrmse": 0.1295755042634868
        },
        "run_2": {
            "learning_time": 24.400146484375,
            "nrmse": 0.13679893364541904
        },
        "run_3": {
            "learning_time": 32.20703125,
            "nrmse": 0.13550089427237083
        },
        "run_4": {
            "learning_time": 38.064453125,
            "nrmse": 0.1604181154716306
        },
        "run_5": {
            "learning_time": 25.375732421875,
            "nrmse": 0.1356493061827691
        }
    }
}