{
    "average_learning_time": 56.92672216796875,
    "average_nrmse": 0.14611557648583584,
    "runs": {
        "run_1": {
            "learning_time": 56692.824951171875,
            "nrmse": 0.13890323406066887
        },
        "run_2": {
            "learning_time": 56168.826416015625,
            "nrmse": 0.14562326780230234
        },
        "run_3": {
            "learning_time": 57049.2236328125,
            "nrmse": 0.14848581052080856
        },
        "run_4": {
            "learning_time": 58812.943115234375,
            "nrmse": 0.15499619776282106
        },
        "run_5": {
            "learning_time": 55909.792724609375,
            "nrmse": 0.14256937228257838
        }
    }
}