{
    "average_learning_time": 91.80619638671874,
    "average_nrmse": 0.16410558647896942,
    "runs": {
        "run_1": {
            "learning_time": 87791.60961914062,
            "nrmse": 0.1628637663030926
        },
        "run_2": {
            "learning_time": 89621.62548828125,
            "nrmse": 0.16218721518514032
        },
        "run_3": {
            "learning_time": 88703.50170898438,
            "nrmse": 0.16852473280403232
        },
        "run_4": {
            "learning_time": 98339.81201171875,
            "nrmse": 0.1619789360044558
        },
        "run_5": {
            "learning_time": 94574.43310546875,
            "nrmse": 0.16497328209812617
        }
    }
}