{
  "test_LL": -18.047785682917564,
  "train_BIC": -363.35857103270274,
  "learning_time": 115082
}