{
    "average_accuracy": 0.9222665364285059,
    "average_error": 0.07263567299006277,
    "average_learning_time": 515.3649788574219,
    "average_nrmse": 0.05632274312948223,
    "runs": {
        "run_1": {
            "accuracy": 0.9189283449086803,
            "average_error": 0.07589649521579853,
            "learning_time": 516229.4572753906,
            "nrmse": 0.059335983614130464
        },
        "run_2": {
            "accuracy": 0.9234374066887594,
            "average_error": 0.07246273009590112,
            "learning_time": 524519.6284179688,
            "nrmse": 0.05934316780681469
        },
        "run_3": {
            "accuracy": 0.9270498581804048,
            "average_error": 0.06862011751923985,
            "learning_time": 514994.0217285156,
            "nrmse": 0.05476403975810255
        },
        "run_4": {
            "accuracy": 0.9172108039644034,
            "average_error": 0.07528519497898355,
            "learning_time": 510258.0458984375,
            "nrmse": 0.05127239159782167
        },
        "run_5": {
            "accuracy": 0.9247062684002815,
            "average_error": 0.07091382714039074,
            "learning_time": 510823.7409667969,
            "nrmse": 0.056898132870541775
        }
    }
}