{
    "average_accuracy": 0.9154258015375328,
    "average_error": 0.08033523026827448,
    "average_learning_time": 517.3062590332031,
    "average_nrmse": 0.06677053204685784,
    "runs": {
        "run_1": {
            "accuracy": 0.9143498310479202,
            "average_error": 0.08149042048494852,
            "learning_time": 520779.265625,
            "nrmse": 0.06817922539012836
        },
        "run_2": {
            "accuracy": 0.9188016792992969,
            "average_error": 0.07774513799567903,
            "learning_time": 513789.1662597656,
            "nrmse": 0.0666949533396019
        },
        "run_3": {
            "accuracy": 0.9156692633598081,
            "average_error": 0.07939933580618777,
            "learning_time": 515204.85009765625,
            "nrmse": 0.06361885313737464
        },
        "run_4": {
            "accuracy": 0.9108985979649539,
            "average_error": 0.0836074882144452,
            "learning_time": 514861.6809082031,
            "nrmse": 0.06602696398852241
        },
        "run_5": {
            "accuracy": 0.9174096360156849,
            "average_error": 0.0794337688401119,
            "learning_time": 521896.3322753906,
            "nrmse": 0.06933266437866194
        }
    }
}