{
    "average_accuracy": 0.9160868279351548,
    "average_error": 0.07369512302106121,
    "average_learning_time": 0.6731768066406251,
    "average_nrmse": 0.03719101124075451,
    "runs": {
        "run_1": {
            "accuracy": 0.9167341977309562,
            "average_error": 0.07510544495535351,
            "learning_time": 659.78857421875,
            "nrmse": 0.045068348978239116
        },
        "run_2": {
            "accuracy": 0.9183632332191091,
            "average_error": 0.07393941566387993,
            "learning_time": 684.7685546875,
            "nrmse": 0.044135068174941866
        },
        "run_3": {
            "accuracy": 0.9171015656362906,
            "average_error": 0.07271666651212354,
            "learning_time": 679.76904296875,
            "nrmse": 0.03437187806098394
        },
        "run_4": {
            "accuracy": 0.9069720715290336,
            "average_error": 0.07765371916787567,
            "learning_time": 648.792236328125,
            "nrmse": 0.033425113520732075
        },
        "run_5": {
            "accuracy": 0.9212630715603854,
            "average_error": 0.0690603688060734,
            "learning_time": 692.765625,
            "nrmse": 0.028954647468875588
        }
    }
}