{
    "average_accuracy": 0.9045269697577976,
    "average_error": 0.08516943754493662,
    "average_learning_time": 0.74916884765625,
    "average_nrmse": 0.052320042485954635,
    "runs": {
        "run_1": {
            "accuracy": 0.9037575919375292,
            "average_error": 0.08646568509839499,
            "learning_time": 653.396728515625,
            "nrmse": 0.05373549920955387
        },
        "run_2": {
            "accuracy": 0.9023752012882448,
            "average_error": 0.08747654274810743,
            "learning_time": 827.882080078125,
            "nrmse": 0.05292950952766736
        },
        "run_3": {
            "accuracy": 0.9142703212337531,
            "average_error": 0.0782761263080237,
            "learning_time": 767.34375,
            "nrmse": 0.05232552420661214
        },
        "run_4": {
            "accuracy": 0.9043001404400455,
            "average_error": 0.08336390988784877,
            "learning_time": 778.865966796875,
            "nrmse": 0.04779158548807403
        },
        "run_5": {
            "accuracy": 0.8979315938894147,
            "average_error": 0.0902649236823082,
            "learning_time": 718.355712890625,
            "nrmse": 0.05481809399786576
        }
    }
}