{
    "average_accuracy": 0.9046578781129483,
    "average_error": 0.08749492702156997,
    "average_learning_time": 0.249417236328125,
    "average_nrmse": 0.06125112703981702,
    "runs": {
        "run_1": {
            "accuracy": 0.9063604240282686,
            "average_error": 0.08645884331334663,
            "learning_time": 267.9365234375,
            "nrmse": 0.0602891019479066
        },
        "run_2": {
            "accuracy": 0.9014305863389079,
            "average_error": 0.09139952330053353,
            "learning_time": 257.91650390625,
            "nrmse": 0.06822389707629278
        },
        "run_3": {
            "accuracy": 0.9052364047119574,
            "average_error": 0.08575020073426905,
            "learning_time": 254.912841796875,
            "nrmse": 0.05669954258412829
        },
        "run_4": {
            "accuracy": 0.9034607645875251,
            "average_error": 0.08762057957082699,
            "learning_time": 203.4228515625,
            "nrmse": 0.05947431885733946
        },
        "run_5": {
            "accuracy": 0.9068012108980827,
            "average_error": 0.08624548818887368,
            "learning_time": 262.8974609375,
            "nrmse": 0.061568774733417986
        }
    }
}