{
    "average_accuracy": 0.9208293782492118,
    "average_error": 0.0747484071296263,
    "average_learning_time": 514.7779356933594,
    "average_nrmse": 0.060597320341908366,
    "runs": {
        "run_1": {
            "accuracy": 0.9223282681504401,
            "average_error": 0.0737413546436365,
            "learning_time": 517742.87841796875,
            "nrmse": 0.06116414758468188
        },
        "run_2": {
            "accuracy": 0.9223063505521804,
            "average_error": 0.07438295455473204,
            "learning_time": 516236.4892578125,
            "nrmse": 0.06378873089685182
        },
        "run_3": {
            "accuracy": 0.9224072707187522,
            "average_error": 0.07302603836867035,
            "learning_time": 510626.9885253906,
            "nrmse": 0.05841262744842226
        },
        "run_4": {
            "accuracy": 0.9156284820100885,
            "average_error": 0.07811448498590624,
            "learning_time": 518699.3056640625,
            "nrmse": 0.058091979373089596
        },
        "run_5": {
            "accuracy": 0.921476519814598,
            "average_error": 0.07447720309518632,
            "learning_time": 510584.0166015625,
            "nrmse": 0.061529116406496276
        }
    }
}