{
    "average_accuracy": 0.9132814250244676,
    "average_error": 0.07655916406005661,
    "average_learning_time": 0.854622314453125,
    "average_nrmse": 0.04336647979784617,
    "runs": {
        "run_1": {
            "accuracy": 0.9136222600340306,
            "average_error": 0.07676102029094775,
            "learning_time": 914.337890625,
            "nrmse": 0.04563140595044456
        },
        "run_2": {
            "accuracy": 0.9128818327974276,
            "average_error": 0.07810102069864071,
            "learning_time": 848.3193359375,
            "nrmse": 0.04618611298914541
        },
        "run_3": {
            "accuracy": 0.9180145572179539,
            "average_error": 0.0726786087014026,
            "learning_time": 808.80078125,
            "nrmse": 0.0431219798314083
        },
        "run_4": {
            "accuracy": 0.906312625250501,
            "average_error": 0.07945492873195789,
            "learning_time": 906.30859375,
            "nrmse": 0.03934247959455442
        },
        "run_5": {
            "accuracy": 0.9155758498224251,
            "average_error": 0.07580024187733415,
            "learning_time": 795.344970703125,
            "nrmse": 0.04255042062367813
        }
    }
}