{
    "average_accuracy": 0.8996494542368378,
    "average_error": 0.09036753041014542,
    "average_learning_time": 0.321682861328125,
    "average_nrmse": 0.057609672153733006,
    "runs": {
        "run_1": {
            "accuracy": 0.8947289156626506,
            "average_error": 0.09492987712928028,
            "learning_time": 370.868896484375,
            "nrmse": 0.05905228213197221
        },
        "run_2": {
            "accuracy": 0.8988735794025948,
            "average_error": 0.09131820988567729,
            "learning_time": 373.8681640625,
            "nrmse": 0.05706010796649578
        },
        "run_3": {
            "accuracy": 0.9028113663845224,
            "average_error": 0.0874176732854691,
            "learning_time": 259.899658203125,
            "nrmse": 0.055709966310179174
        },
        "run_4": {
            "accuracy": 0.8983153130500378,
            "average_error": 0.09031619274752789,
            "learning_time": 280.892578125,
            "nrmse": 0.05653114616631354
        },
        "run_5": {
            "accuracy": 0.9035180966843837,
            "average_error": 0.08785569900277257,
            "learning_time": 322.885009765625,
            "nrmse": 0.05969485819370428
        }
    }
}