{
    "average_accuracy": 0.9033463749736711,
    "average_error": 0.08888597762643602,
    "average_learning_time": 0.16834013671874998,
    "average_nrmse": 0.06326107893792307,
    "runs": {
        "run_1": {
            "accuracy": 0.9058910211326568,
            "average_error": 0.08754636332192149,
            "learning_time": 169.93359375,
            "nrmse": 0.06473150425007082
        },
        "run_2": {
            "accuracy": 0.9004363880496811,
            "average_error": 0.0907984130289371,
            "learning_time": 143.953857421875,
            "nrmse": 0.06257614934321062
        },
        "run_3": {
            "accuracy": 0.9031736950156497,
            "average_error": 0.08854351740897119,
            "learning_time": 217.913330078125,
            "nrmse": 0.06260621790321963
        },
        "run_4": {
            "accuracy": 0.9031119774163194,
            "average_error": 0.08886406402025479,
            "learning_time": 163.94677734375,
            "nrmse": 0.06302417509726768
        },
        "run_5": {
            "accuracy": 0.9041187932540482,
            "average_error": 0.0886775303520955,
            "learning_time": 145.953125,
            "nrmse": 0.06336734809584668
        }
    }
}