{
    "average_accuracy": 0.9173571287516656,
    "average_error": 0.0781151408532019,
    "average_learning_time": 517.61644921875,
    "average_nrmse": 0.06362640358877807,
    "runs": {
        "run_1": {
            "accuracy": 0.9198654262043011,
            "average_error": 0.0765990782139577,
            "learning_time": 507501.9548339844,
            "nrmse": 0.06528549235238583
        },
        "run_2": {
            "accuracy": 0.9129300727398015,
            "average_error": 0.08137950636091391,
            "learning_time": 522546.24560546875,
            "nrmse": 0.06317015948320355
        },
        "run_3": {
            "accuracy": 0.9196922838371308,
            "average_error": 0.07568363898378923,
            "learning_time": 520357.82470703125,
            "nrmse": 0.060886592010733154
        },
        "run_4": {
            "accuracy": 0.9139678246275487,
            "average_error": 0.08043267804824945,
            "learning_time": 520685.9133300781,
            "nrmse": 0.06251428661080334
        },
        "run_5": {
            "accuracy": 0.9203300363495461,
            "average_error": 0.07648080265909926,
            "learning_time": 516990.3076171875,
            "nrmse": 0.06627548748676446
        }
    }
}