{
    "average_accuracy": 0.9227234702158313,
    "average_error": 0.07140672670312047,
    "average_learning_time": 537.7611825195312,
    "average_nrmse": 0.052623356843766164,
    "runs": {
        "run_1": {
            "accuracy": 0.9227241887202389,
            "average_error": 0.07334374169586064,
            "learning_time": 547033.84765625,
            "nrmse": 0.060761119027379115
        },
        "run_2": {
            "accuracy": 0.9253991573605506,
            "average_error": 0.0703421938607501,
            "learning_time": 544686.5454101562,
            "nrmse": 0.05671451776891223
        },
        "run_3": {
            "accuracy": 0.9205655164514622,
            "average_error": 0.0726275091701318,
            "learning_time": 540570.5844726562,
            "nrmse": 0.050845191159232805
        },
        "run_4": {
            "accuracy": 0.9215522650053272,
            "average_error": 0.07160490260431104,
            "learning_time": 540667.8322753906,
            "nrmse": 0.04970783895515316
        },
        "run_5": {
            "accuracy": 0.9233762235415778,
            "average_error": 0.06911528618454875,
            "learning_time": 515847.1027832031,
            "nrmse": 0.0450881173081535
        }
    }
}