{
  "average_accuracy": 0.3180844155844156,
  "average_nrmse": 0.22540631817096565,
  "average_error": 0.2388330612958074,
  "average_learning_time": 104.0488,
  "runs": {
    "run_1": {
      "accuracy": 0.3037037037037037,
      "nrmse": 0.22697982962330351,
      "average_error": 0.24078325511368567,
      "learning_time": 81355
    },
    "run_2": {
      "accuracy": 0.3125,
      "nrmse": 0.229301183907253,
      "average_error": 0.2427776196746867,
      "learning_time": 85805
    },
    "run_3": {
      "accuracy": 0.36363636363636365,
      "nrmse": 0.22756937894994847,
      "average_error": 0.2395927394621158,
      "learning_time": 116717
    },
    "run_4": {
      "accuracy": 0.2962962962962963,
      "nrmse": 0.22676499555014903,
      "average_error": 0.2407926046134889,
      "learning_time": 130821
    },
    "run_5": {
      "accuracy": 0.3142857142857143,
      "nrmse": 0.2164162028241743,
      "average_error": 0.2302190876150599,
      "learning_time": 105546
    }
  }
}