{
  "average_accuracy": 0.6762639519451076,
  "average_nrmse": 0.2684261365006397,
  "average_error": 0.2700528986051765,
  "average_learning_time": 0.0014,
  "runs": {
    "run_1": {
      "accuracy": 0.6724137931034483,
      "nrmse": 0.2717957800590137,
      "average_error": 0.27343667496600016,
      "learning_time": 1
    },
    "run_2": {
      "accuracy": 0.6842105263157895,
      "nrmse": 0.26704607640580463,
      "average_error": 0.26847970573752244,
      "learning_time": 1
    },
    "run_3": {
      "accuracy": 0.65,
      "nrmse": 0.2679421412027185,
      "average_error": 0.27035560763793265,
      "learning_time": 2
    },
    "run_4": {
      "accuracy": 0.6982248520710059,
      "nrmse": 0.2668690106938122,
      "average_error": 0.2678956617889646,
      "learning_time": 1
    },
    "run_5": {
      "accuracy": 0.6764705882352942,
      "nrmse": 0.2684776741418492,
      "average_error": 0.27009684289546265,
      "learning_time": 2
    }
  }
}