{
    "average_accuracy": 0.8662222074291039,
    "average_error": 0.21368443723678454,
    "average_learning_time": 0.70317451171875,
    "average_nrmse": 0.21610585071150842,
    "runs": {
        "run_1": {
            "accuracy": 0.825,
            "average_error": 0.22247409715478964,
            "learning_time": 748.760009765625,
            "nrmse": 0.22391270615948022
        },
        "run_2": {
            "accuracy": 0.896551724137931,
            "average_error": 0.20877450912770573,
            "learning_time": 688.778564453125,
            "nrmse": 0.21196621316605835
        },
        "run_3": {
            "accuracy": 0.8285714285714286,
            "average_error": 0.21589236426090244,
            "learning_time": 710.771728515625,
            "nrmse": 0.21723975192248823
        },
        "run_4": {
            "accuracy": 0.918918918918919,
            "average_error": 0.20354544520836015,
            "learning_time": 703.774658203125,
            "nrmse": 0.20725648654555043
        },
        "run_5": {
            "accuracy": 0.8620689655172413,
            "average_error": 0.2177357704321648,
            "learning_time": 663.78759765625,
            "nrmse": 0.220154095763965
        }
    }
}