{
    "average_accuracy": 0.7805975357180779,
    "average_error": 0.2515407113836177,
    "average_learning_time": 0.607796435546875,
    "average_nrmse": 0.25251459765942663,
    "runs": {
        "run_1": {
            "accuracy": 0.7808219178082192,
            "average_error": 0.253334132209002,
            "learning_time": 615.803466796875,
            "nrmse": 0.2543691640277057
        },
        "run_2": {
            "accuracy": 0.8064516129032258,
            "average_error": 0.2623839576623557,
            "learning_time": 615.789306640625,
            "nrmse": 0.26446988404313093
        },
        "run_3": {
            "accuracy": 0.7941176470588235,
            "average_error": 0.2495665464710258,
            "learning_time": 565.805419921875,
            "nrmse": 0.25089030991132427
        },
        "run_4": {
            "accuracy": 0.7419354838709677,
            "average_error": 0.252967426712023,
            "learning_time": 615.802490234375,
            "nrmse": 0.25281296945696213
        },
        "run_5": {
            "accuracy": 0.7796610169491526,
            "average_error": 0.23945149386368195,
            "learning_time": 625.781494140625,
            "nrmse": 0.24003066085801028
        }
    }
}