{
    "average_accuracy": 0.8636113699906802,
    "average_error": 0.1934096647295354,
    "average_learning_time": 434.88514619140625,
    "average_nrmse": 0.19513757487257224,
    "runs": {
        "run_1": {
            "accuracy": 0.875,
            "average_error": 0.1987923879777596,
            "learning_time": 451829.2487792969,
            "nrmse": 0.20102852094678264
        },
        "run_2": {
            "accuracy": 0.8620689655172413,
            "average_error": 0.19311511128758763,
            "learning_time": 432536.6159667969,
            "nrmse": 0.1947873560392491
        },
        "run_3": {
            "accuracy": 0.8,
            "average_error": 0.1888347195696167,
            "learning_time": 430296.2021484375,
            "nrmse": 0.18849637773839295
        },
        "run_4": {
            "accuracy": 0.9189189189189189,
            "average_error": 0.18844674348888563,
            "learning_time": 431209.67236328125,
            "nrmse": 0.19170024841033426
        },
        "run_5": {
            "accuracy": 0.8620689655172413,
            "average_error": 0.19785936132382748,
            "learning_time": 428553.99169921875,
            "nrmse": 0.19967537122810228
        }
    }
}