{
    "average_accuracy": 0.824010044059943,
    "average_error": 0.23310867897733328,
    "average_learning_time": 0.70245009765625,
    "average_nrmse": 0.23483954937240234,
    "runs": {
        "run_1": {
            "accuracy": 0.845360824742268,
            "average_error": 0.23571318049676449,
            "learning_time": 772.885986328125,
            "nrmse": 0.23816996853431094
        },
        "run_2": {
            "accuracy": 0.7961165048543689,
            "average_error": 0.24193655722908183,
            "learning_time": 753.341064453125,
            "nrmse": 0.24308968032251976
        },
        "run_3": {
            "accuracy": 0.8279569892473119,
            "average_error": 0.23021887028760932,
            "learning_time": 723.83056640625,
            "nrmse": 0.23198177512200088
        },
        "run_4": {
            "accuracy": 0.8085106382978723,
            "average_error": 0.2339093014357262,
            "learning_time": 463.851806640625,
            "nrmse": 0.23519475415492616
        },
        "run_5": {
            "accuracy": 0.8421052631578947,
            "average_error": 0.22376548543748476,
            "learning_time": 798.341064453125,
            "nrmse": 0.22576156872825381
        }
    }
}