{
    "average_accuracy": 0.8319107334164151,
    "average_error": 0.20813052906701643,
    "average_learning_time": 384.64578686523436,
    "average_nrmse": 0.20934390065742342,
    "runs": {
        "run_1": {
            "accuracy": 0.8,
            "average_error": 0.2136981845633306,
            "learning_time": 383845.1259765625,
            "nrmse": 0.2141132810652497
        },
        "run_2": {
            "accuracy": 0.8515625,
            "average_error": 0.2098220116388561,
            "learning_time": 384446.0837402344,
            "nrmse": 0.2116821483551851
        },
        "run_3": {
            "accuracy": 0.8347107438016529,
            "average_error": 0.2068184679049237,
            "learning_time": 386039.21630859375,
            "nrmse": 0.20807692886572904
        },
        "run_4": {
            "accuracy": 0.8518518518518519,
            "average_error": 0.20555961106147008,
            "learning_time": 385296.65771484375,
            "nrmse": 0.20729935236187377
        },
        "run_5": {
            "accuracy": 0.8214285714285714,
            "average_error": 0.20475437016650153,
            "learning_time": 383601.8505859375,
            "nrmse": 0.20554779263907946
        }
    }
}