{
    "average_accuracy": 0.858945640005432,
    "average_error": 0.20489136674827382,
    "average_learning_time": 385.9355434082031,
    "average_nrmse": 0.2068258214983861,
    "runs": {
        "run_1": {
            "accuracy": 0.8350515463917526,
            "average_error": 0.20874523393138789,
            "learning_time": 383815.4572753906,
            "nrmse": 0.21007240909269517
        },
        "run_2": {
            "accuracy": 0.8640776699029127,
            "average_error": 0.2100494983724926,
            "learning_time": 385317.9052734375,
            "nrmse": 0.21229577619902004
        },
        "run_3": {
            "accuracy": 0.8494623655913979,
            "average_error": 0.20330322440756723,
            "learning_time": 386921.8088378906,
            "nrmse": 0.20490218168026314
        },
        "run_4": {
            "accuracy": 0.8829787234042553,
            "average_error": 0.2023923125180039,
            "learning_time": 383659.8525390625,
            "nrmse": 0.20497931360655722
        },
        "run_5": {
            "accuracy": 0.8631578947368421,
            "average_error": 0.19996656451191736,
            "learning_time": 389962.6931152344,
            "nrmse": 0.20187942691339492
        }
    }
}