{
  "average_accuracy": 0.6819155844155844,
  "average_nrmse": 0.2682175601593989,
  "average_error": 0.2696842323777817,
  "average_learning_time": 0.001,
  "runs": {
    "run_1": {
      "accuracy": 0.6962962962962963,
      "nrmse": 0.272255266785113,
      "average_error": 0.2731802208121304,
      "learning_time": 1
    },
    "run_2": {
      "accuracy": 0.6875,
      "nrmse": 0.26910420131614354,
      "average_error": 0.27038054833625697,
      "learning_time": 1
    },
    "run_3": {
      "accuracy": 0.6363636363636364,
      "nrmse": 0.26738414283691186,
      "average_error": 0.270215090507484,
      "learning_time": 1
    },
    "run_4": {
      "accuracy": 0.7037037037037037,
      "nrmse": 0.2672141426716624,
      "average_error": 0.2680695001312104,
      "learning_time": 1
    },
    "run_5": {
      "accuracy": 0.6857142857142857,
      "nrmse": 0.26513004718716376,
      "average_error": 0.266575802101827,
      "learning_time": 1
    }
  }
}