{
    "average_accuracy": 0.8190319037619093,
    "average_error": 0.21467489701978087,
    "average_learning_time": 386.555297265625,
    "average_nrmse": 0.21569631522528665,
    "runs": {
        "run_1": {
            "accuracy": 0.7931034482758621,
            "average_error": 0.22131118675859043,
            "learning_time": 381070.90478515625,
            "nrmse": 0.22174799388084657
        },
        "run_2": {
            "accuracy": 0.847953216374269,
            "average_error": 0.21088877662610875,
            "learning_time": 390701.8835449219,
            "nrmse": 0.2126718673230899
        },
        "run_3": {
            "accuracy": 0.8375,
            "average_error": 0.21491909983647184,
            "learning_time": 387387.5100097656,
            "nrmse": 0.21650755740727404
        },
        "run_4": {
            "accuracy": 0.8224852071005917,
            "average_error": 0.21031567747865965,
            "learning_time": 382606.5224609375,
            "nrmse": 0.21130964367803093
        },
        "run_5": {
            "accuracy": 0.7941176470588235,
            "average_error": 0.21593974439907382,
            "learning_time": 391009.66552734375,
            "nrmse": 0.2162445138371919
        }
    }
}