{
    "average_accuracy": 0.7602669599875019,
    "average_learning_time": 0.5915957519531251,
    "average_nrmse": 0.24500451823133385,
    "runs": {
        "run_1": {
            "accuracy": 0.6981132075471698,
            "learning_time": 410.550537109375,
            "nrmse": 0.24731618323384433
        },
        "run_2": {
            "accuracy": 0.7864077669902912,
            "learning_time": 781.549072265625,
            "nrmse": 0.23907228079655907
        },
        "run_3": {
            "accuracy": 0.7925531914893617,
            "learning_time": 665.286376953125,
            "nrmse": 0.24837546497937793
        },
        "run_4": {
            "accuracy": 0.7632850241545893,
            "learning_time": 370.880859375,
            "nrmse": 0.2461987399579777
        },
        "run_5": {
            "accuracy": 0.7609756097560976,
            "learning_time": 729.7119140625,
            "nrmse": 0.2440599221889102
        }
    }
}