{
    "average_accuracy": 0.8710353032814945,
    "average_error": 0.1997099584105049,
    "average_learning_time": 408.46816020507816,
    "average_nrmse": 0.20185375421935334,
    "runs": {
        "run_1": {
            "accuracy": 0.8493150684931507,
            "average_error": 0.20470508992919667,
            "learning_time": 426833.822265625,
            "nrmse": 0.20634206442684355
        },
        "run_2": {
            "accuracy": 0.8225806451612903,
            "average_error": 0.20512073761072797,
            "learning_time": 436124.3884277344,
            "nrmse": 0.20596017345230427
        },
        "run_3": {
            "accuracy": 0.8970588235294118,
            "average_error": 0.19597318569508376,
            "learning_time": 407905.3371582031,
            "nrmse": 0.19879233748976546
        },
        "run_4": {
            "accuracy": 0.8709677419354839,
            "average_error": 0.19426933028008325,
            "learning_time": 381799.3820800781,
            "nrmse": 0.19624621125631256
        },
        "run_5": {
            "accuracy": 0.9152542372881356,
            "average_error": 0.19848144853743274,
            "learning_time": 389677.87109375,
            "nrmse": 0.20192798447154087
        }
    }
}