{
    "average_accuracy": 0.4303532324339175,
    "average_error": 0.10444558291287351,
    "average_learning_time": 0.30474150390625,
    "average_nrmse": 0.07860107265436189,
    "runs": {
        "run_1": {
            "accuracy": 0.3467741935483871,
            "average_error": 0.1113341177587269,
            "learning_time": 346.445556640625,
            "nrmse": 0.08122902394245546
        },
        "run_2": {
            "accuracy": 0.4575645756457565,
            "average_error": 0.10412612882398573,
            "learning_time": 372.4462890625,
            "nrmse": 0.07977561240563807
        },
        "run_3": {
            "accuracy": 0.47639484978540775,
            "average_error": 0.09919331035935611,
            "learning_time": 239.955322265625,
            "nrmse": 0.07561487481184298
        },
        "run_4": {
            "accuracy": 0.4473684210526316,
            "average_error": 0.10346580745147685,
            "learning_time": 343.931640625,
            "nrmse": 0.07851215347948287
        },
        "run_5": {
            "accuracy": 0.42366412213740456,
            "average_error": 0.10410855017082198,
            "learning_time": 220.9287109375,
            "nrmse": 0.0778736986323901
        }
    }
}