{
    "average_accuracy": 0.5289178481236017,
    "average_error": 0.11320943768611942,
    "average_learning_time": 302.7382847167969,
    "average_nrmse": 0.09332762023110394,
    "runs": {
        "run_1": {
            "accuracy": 0.4647058823529412,
            "average_error": 0.11726228254385165,
            "learning_time": 302290.1843261719,
            "nrmse": 0.09403829170478459
        },
        "run_2": {
            "accuracy": 0.5531914893617021,
            "average_error": 0.11183862650837673,
            "learning_time": 304964.60400390625,
            "nrmse": 0.09322918850115887
        },
        "run_3": {
            "accuracy": 0.5283018867924528,
            "average_error": 0.11024819722344906,
            "learning_time": 303516.9992675781,
            "nrmse": 0.0901676463354436
        },
        "run_4": {
            "accuracy": 0.5576923076923077,
            "average_error": 0.11253390919007386,
            "learning_time": 303086.16064453125,
            "nrmse": 0.0942131434613173
        },
        "run_5": {
            "accuracy": 0.5406976744186047,
            "average_error": 0.11416417296484585,
            "learning_time": 299833.4753417969,
            "nrmse": 0.09498983115281531
        }
    }
}