{
    "average_accuracy": 0.4122782031199604,
    "average_error": 0.1440601851917203,
    "average_learning_time": 261.17322236328124,
    "average_nrmse": 0.11941231787570258,
    "runs": {
        "run_1": {
            "accuracy": 0.4271457085828343,
            "average_error": 0.1447338010655517,
            "learning_time": 260666.345703125,
            "nrmse": 0.12094932937935093
        },
        "run_2": {
            "accuracy": 0.42801556420233466,
            "average_error": 0.14053094831935675,
            "learning_time": 263041.3596191406,
            "nrmse": 0.11656131012611737
        },
        "run_3": {
            "accuracy": 0.3726708074534162,
            "average_error": 0.14671681133593886,
            "learning_time": 259151.46069335938,
            "nrmse": 0.12001612349090306
        },
        "run_4": {
            "accuracy": 0.4315589353612167,
            "average_error": 0.14205223675802398,
            "learning_time": 262503.88427734375,
            "nrmse": 0.11836396854242623
        },
        "run_5": {
            "accuracy": 0.402,
            "average_error": 0.14626712847973042,
            "learning_time": 260503.0615234375,
            "nrmse": 0.12117085783971543
        }
    }
}