{
    "average_accuracy": 0.38136668402409885,
    "average_error": 0.17015294229147196,
    "average_learning_time": 313961.325,
    "average_nrmse": 0.14523736597567033,
    "runs": {
        "run_1": {
            "accuracy": 0.38823529411764707,
            "average_error": 0.16826375497050386,
            "learning_time": 309656881,
            "nrmse": 0.14362481325317888
        },
        "run_2": {
            "accuracy": 0.3785687938424783,
            "average_error": 0.1709224922563977,
            "learning_time": 335896365,
            "nrmse": 0.1458942303730019
        },
        "run_3": {
            "accuracy": 0.39173016930124704,
            "average_error": 0.16730250170451558,
            "learning_time": 295568191,
            "nrmse": 0.14280431676039126
        },
        "run_4": {
            "accuracy": 0.36825025552727964,
            "average_error": 0.1737605703377708,
            "learning_time": 306785209,
            "nrmse": 0.14831672733027357
        },
        "run_5": {
            "accuracy": 0.38691751742539027,
            "average_error": 0.1686262048672038,
            "learning_time": 317595534,
            "nrmse": 0.14393418943901456
        }
    }
}