{
    "average_accuracy": 0.4931105485033732,
    "average_error": 0.11969199999772569,
    "average_learning_time": 342.11780483398434,
    "average_nrmse": 0.09818103047000895,
    "runs": {
        "run_1": {
            "accuracy": 0.4959677419354839,
            "average_error": 0.12072985796603347,
            "learning_time": 313554.92138671875,
            "nrmse": 0.09943528018278444
        },
        "run_2": {
            "accuracy": 0.4833948339483395,
            "average_error": 0.12003184520990787,
            "learning_time": 351693.546875,
            "nrmse": 0.0979999940520327
        },
        "run_3": {
            "accuracy": 0.4892703862660944,
            "average_error": 0.1177657761468109,
            "learning_time": 350549.5778808594,
            "nrmse": 0.09593445183641676
        },
        "run_4": {
            "accuracy": 0.5350877192982456,
            "average_error": 0.11706675819229971,
            "learning_time": 350053.2888183594,
            "nrmse": 0.09774200694177446
        },
        "run_5": {
            "accuracy": 0.46183206106870234,
            "average_error": 0.12286576247357645,
            "learning_time": 344737.6892089844,
            "nrmse": 0.09979341933703637
        }
    }
}