{
    "average_accuracy": 0.35653909580252535,
    "average_error": 0.1429435682198782,
    "average_learning_time": 0.15074550781249998,
    "average_nrmse": 0.11513704955445614,
    "runs": {
        "run_1": {
            "accuracy": 0.3592814371257485,
            "average_error": 0.14321088363683765,
            "learning_time": 89.9580078125,
            "nrmse": 0.115571568123648
        },
        "run_2": {
            "accuracy": 0.38715953307393,
            "average_error": 0.1430891511016488,
            "learning_time": 87.97216796875,
            "nrmse": 0.11699185577806984
        },
        "run_3": {
            "accuracy": 0.3747412008281574,
            "average_error": 0.13930656988564155,
            "learning_time": 94.968994140625,
            "nrmse": 0.11230922381418594
        },
        "run_4": {
            "accuracy": 0.35551330798479086,
            "average_error": 0.14320047786518164,
            "learning_time": 94.952392578125,
            "nrmse": 0.11535124374573565
        },
        "run_5": {
            "accuracy": 0.306,
            "average_error": 0.14591075861008126,
            "learning_time": 385.8759765625,
            "nrmse": 0.11546135631064132
        }
    }
}