{
    "average_accuracy": 0.4523891920626979,
    "average_error": 0.09717344719703287,
    "average_learning_time": 0.35580927734375,
    "average_nrmse": 0.07214914937812902,
    "runs": {
        "run_1": {
            "accuracy": 0.37058823529411766,
            "average_error": 0.10157017789088132,
            "learning_time": 349.44580078125,
            "nrmse": 0.07224564529004793
        },
        "run_2": {
            "accuracy": 0.44148936170212766,
            "average_error": 0.09903859496686057,
            "learning_time": 395.434326171875,
            "nrmse": 0.07351237033735993
        },
        "run_3": {
            "accuracy": 0.49056603773584906,
            "average_error": 0.09471408257576548,
            "learning_time": 334.8935546875,
            "nrmse": 0.07167408925974406
        },
        "run_4": {
            "accuracy": 0.5,
            "average_error": 0.09530597435218578,
            "learning_time": 348.392578125,
            "nrmse": 0.07282297292730722
        },
        "run_5": {
            "accuracy": 0.45930232558139533,
            "average_error": 0.09523840619947113,
            "learning_time": 350.880126953125,
            "nrmse": 0.07049066907618594
        }
    }
}