{
    "average_accuracy": 0.37706677521280507,
    "average_error": 0.12535389303181574,
    "average_learning_time": 0.156555078125,
    "average_nrmse": 0.09771059682318357,
    "runs": {
        "run_1": {
            "accuracy": 0.3419811320754717,
            "average_error": 0.127664769626368,
            "learning_time": 134.973388671875,
            "nrmse": 0.098200653054248
        },
        "run_2": {
            "accuracy": 0.3858447488584475,
            "average_error": 0.12220761427404625,
            "learning_time": 134.956298828125,
            "nrmse": 0.09487719000362922
        },
        "run_3": {
            "accuracy": 0.379746835443038,
            "average_error": 0.12780745546502847,
            "learning_time": 166.946533203125,
            "nrmse": 0.10044936051547661
        },
        "run_4": {
            "accuracy": 0.4121951219512195,
            "average_error": 0.12214990468118912,
            "learning_time": 209.9423828125,
            "nrmse": 0.09628018393854515
        },
        "run_5": {
            "accuracy": 0.36556603773584906,
            "average_error": 0.1269397211124469,
            "learning_time": 135.956787109375,
            "nrmse": 0.0987455966040189
        }
    }
}