{
    "average_accuracy": 0.40113402585024316,
    "average_error": 0.11376735346526015,
    "average_learning_time": 0.139546923828125,
    "average_nrmse": 0.08681743009389922,
    "runs": {
        "run_1": {
            "accuracy": 0.34782608695652173,
            "average_error": 0.11867243968840634,
            "learning_time": 146.953125,
            "nrmse": 0.08903346894645789
        },
        "run_2": {
            "accuracy": 0.41620111731843573,
            "average_error": 0.11013105828775006,
            "learning_time": 120.948974609375,
            "nrmse": 0.08381617915476039
        },
        "run_3": {
            "accuracy": 0.391025641025641,
            "average_error": 0.11231597382091799,
            "learning_time": 147.934814453125,
            "nrmse": 0.0847238413123935
        },
        "run_4": {
            "accuracy": 0.4506172839506173,
            "average_error": 0.10968469112162182,
            "learning_time": 124.959716796875,
            "nrmse": 0.08525702307007957
        },
        "run_5": {
            "accuracy": 0.4,
            "average_error": 0.11803260440760456,
            "learning_time": 156.93798828125,
            "nrmse": 0.09125663798580481
        }
    }
}