{
    "average_accuracy": 0.44445304215794446,
    "average_error": 0.13442118487514837,
    "average_learning_time": 271.1730766113281,
    "average_nrmse": 0.11102530859920907,
    "runs": {
        "run_1": {
            "accuracy": 0.42452830188679247,
            "average_error": 0.1352809157012976,
            "learning_time": 298312.2214355469,
            "nrmse": 0.11082587223396927
        },
        "run_2": {
            "accuracy": 0.46803652968036524,
            "average_error": 0.13343949460837198,
            "learning_time": 280038.4221191406,
            "nrmse": 0.11129927373552403
        },
        "run_3": {
            "accuracy": 0.42784810126582273,
            "average_error": 0.13564614785713583,
            "learning_time": 258742.12744140625,
            "nrmse": 0.11139582836396686
        },
        "run_4": {
            "accuracy": 0.4560975609756097,
            "average_error": 0.132815098552281,
            "learning_time": 259755.8720703125,
            "nrmse": 0.10997691297049716
        },
        "run_5": {
            "accuracy": 0.4457547169811321,
            "average_error": 0.13492426765665536,
            "learning_time": 259016.73999023438,
            "nrmse": 0.11162865569208799
        }
    }
}