{
    "average_accuracy": 0.4625540621991921,
    "average_error": 0.1280036203943335,
    "average_learning_time": 300.5789797363281,
    "average_nrmse": 0.1052568249828627,
    "runs": {
        "run_1": {
            "accuracy": 0.4627329192546584,
            "average_error": 0.13065806326402807,
            "learning_time": 311778.56591796875,
            "nrmse": 0.10806867340395508
        },
        "run_2": {
            "accuracy": 0.4972067039106145,
            "average_error": 0.12414470500445052,
            "learning_time": 300155.28564453125,
            "nrmse": 0.10310867216639857
        },
        "run_3": {
            "accuracy": 0.45833333333333337,
            "average_error": 0.12668652997764523,
            "learning_time": 296880.75830078125,
            "nrmse": 0.10363207793936625
        },
        "run_4": {
            "accuracy": 0.42592592592592593,
            "average_error": 0.12982856422685468,
            "learning_time": 297543.77783203125,
            "nrmse": 0.10514825812423138
        },
        "run_5": {
            "accuracy": 0.4685714285714285,
            "average_error": 0.12870023949868908,
            "learning_time": 296536.5109863281,
            "nrmse": 0.10632644328036228
        }
    }
}