{
    "average_accuracy": 0.47278897503975514,
    "average_error": 0.08088682805857365,
    "average_learning_time": 0.30848911132812495,
    "average_nrmse": 0.056091039341814156,
    "runs": {
        "run_1": {
            "accuracy": 0.4578313253012048,
            "average_error": 0.0832840069609474,
            "learning_time": 308.901123046875,
            "nrmse": 0.05779041430884476
        },
        "run_2": {
            "accuracy": 0.4166666666666667,
            "average_error": 0.08741314482363771,
            "learning_time": 311.882568359375,
            "nrmse": 0.05986202323976572
        },
        "run_3": {
            "accuracy": 0.52,
            "average_error": 0.07716420989753456,
            "learning_time": 303.89013671875,
            "nrmse": 0.054784443780730926
        },
        "run_4": {
            "accuracy": 0.5223880597014925,
            "average_error": 0.07801769482210251,
            "learning_time": 307.8837890625,
            "nrmse": 0.05581801451785779
        },
        "run_5": {
            "accuracy": 0.4470588235294118,
            "average_error": 0.07855508378864612,
            "learning_time": 309.887939453125,
            "nrmse": 0.052200300861871544
        }
    }
}