{
  "average_accuracy": 0.22842889775178438,
  "average_nrmse": 0.18966043390266588,
  "average_error": 0.22028731118401063,
  "average_learning_time": 0.002,
  "runs": {
    "run_1": {
      "accuracy": 0.20588235294117646,
      "nrmse": 0.19172587563116117,
      "average_error": 0.2234307057063013,
      "learning_time": 2
    },
    "run_2": {
      "accuracy": 0.22872340425531915,
      "nrmse": 0.18972303372109034,
      "average_error": 0.22033111593285828,
      "learning_time": 2
    },
    "run_3": {
      "accuracy": 0.2389937106918239,
      "nrmse": 0.1875208387805022,
      "average_error": 0.21770428354511667,
      "learning_time": 2
    },
    "run_4": {
      "accuracy": 0.22435897435897437,
      "nrmse": 0.18904139149989727,
      "average_error": 0.21991505645469347,
      "learning_time": 2
    },
    "run_5": {
      "accuracy": 0.2441860465116279,
      "nrmse": 0.19029102988067842,
      "average_error": 0.22005539428108334,
      "learning_time": 2
    }
  }
}