{
    "average_learning_time": 0.0193729248046875,
    "average_test_LL": -1060.8355269096098,
    "folds": {
        "fold_1": {
            "learning_time": 18.280029296875,
            "test_LL": -1015.3882328462826
        },
        "fold_10": {
            "learning_time": 19.331787109375,
            "test_LL": -1066.2743389576128
        },
        "fold_2": {
            "learning_time": 19.17041015625,
            "test_LL": -1030.67232381425
        },
        "fold_3": {
            "learning_time": 22.20556640625,
            "test_LL": -1073.0046663599474
        },
        "fold_4": {
            "learning_time": 18.881103515625,
            "test_LL": -959.6650887082094
        },
        "fold_5": {
            "learning_time": 19.303466796875,
            "test_LL": -941.5625308716607
        },
        "fold_6": {
            "learning_time": 18.128173828125,
            "test_LL": -1086.2944707092124
        },
        "fold_7": {
            "learning_time": 21.2958984375,
            "test_LL": -1279.7822304293222
        },
        "fold_8": {
            "learning_time": 19.091796875,
            "test_LL": -989.6184942891251
        },
        "fold_9": {
            "learning_time": 18.041015625,
            "test_LL": -1166.0928921104746
        }
    }
}