{
    "average_learning_time": 3.428593188476562,
    "average_test_LL": -671.5085967337873,
    "folds": {
        "fold_1": {
            "learning_time": 5444.345947265625,
            "test_LL": -686.9766004488288
        },
        "fold_10": {
            "learning_time": 2560.864990234375,
            "test_LL": -623.2037358698063
        },
        "fold_2": {
            "learning_time": 3094.564697265625,
            "test_LL": -748.4757247657875
        },
        "fold_3": {
            "learning_time": 3352.5087890625,
            "test_LL": -643.8764327058583
        },
        "fold_4": {
            "learning_time": 1826.9130859375,
            "test_LL": -637.8670665622567
        },
        "fold_5": {
            "learning_time": 3715.390869140625,
            "test_LL": -708.3843896539112
        },
        "fold_6": {
            "learning_time": 2698.9873046875,
            "test_LL": -592.8356177907851
        },
        "fold_7": {
            "learning_time": 3573.364013671875,
            "test_LL": -730.1060502369801
        },
        "fold_8": {
            "learning_time": 4439.403564453125,
            "test_LL": -711.4624900201646
        },
        "fold_9": {
            "learning_time": 3579.588623046875,
            "test_LL": -631.897859283495
        }
    }
}