{
    "average_learning_time": 52.60190539550781,
    "average_test_LL": -4383.388626516128,
    "folds": {
        "fold_1": {
            "learning_time": 56107.507568359375,
            "test_LL": -6417.212069769132
        },
        "fold_10": {
            "learning_time": 52954.629150390625,
            "test_LL": -5655.686999021001
        },
        "fold_2": {
            "learning_time": 51026.185302734375,
            "test_LL": -4136.970206575592
        },
        "fold_3": {
            "learning_time": 51188.971923828125,
            "test_LL": 436.6036592070111
        },
        "fold_4": {
            "learning_time": 52135.0380859375,
            "test_LL": -6532.45709854865
        },
        "fold_5": {
            "learning_time": 52231.64111328125,
            "test_LL": -5344.252833737436
        },
        "fold_6": {
            "learning_time": 53368.843994140625,
            "test_LL": -4267.537607036863
        },
        "fold_7": {
            "learning_time": 52613.138671875,
            "test_LL": -4140.823792068522
        },
        "fold_8": {
            "learning_time": 52532.210205078125,
            "test_LL": -3246.681740003263
        },
        "fold_9": {
            "learning_time": 51860.887939453125,
            "test_LL": -4528.86757760784
        }
    }
}