{
    "average_learning_time": 13.362053002929688,
    "average_test_LL": -1223.6605952228085,
    "folds": {
        "fold_1": {
            "learning_time": 10652.02294921875,
            "test_LL": -558.0474772235116
        },
        "fold_10": {
            "learning_time": 9897.3466796875,
            "test_LL": -2100.415392279784
        },
        "fold_2": {
            "learning_time": 10848.392333984375,
            "test_LL": -475.7791916756075
        },
        "fold_3": {
            "learning_time": 14882.55419921875,
            "test_LL": -679.5399826535295
        },
        "fold_4": {
            "learning_time": 13824.515380859375,
            "test_LL": -732.8429428835076
        },
        "fold_5": {
            "learning_time": 20453.1240234375,
            "test_LL": -2220.7766968669
        },
        "fold_6": {
            "learning_time": 14552.44677734375,
            "test_LL": -645.761342648246
        },
        "fold_7": {
            "learning_time": 12410.259521484375,
            "test_LL": -793.2389413324307
        },
        "fold_8": {
            "learning_time": 13903.564453125,
            "test_LL": -2036.420167507093
        },
        "fold_9": {
            "learning_time": 12196.3037109375,
            "test_LL": -1993.7838171574758
        }
    }
}