{
    "average_learning_time": 0.0047501708984375,
    "average_test_LL": -319.15614512139535,
    "folds": {
        "fold_1": {
            "learning_time": 4.689453125,
            "test_LL": -338.8875395405634
        },
        "fold_10": {
            "learning_time": 5.58935546875,
            "test_LL": -420.88976329902164
        },
        "fold_2": {
            "learning_time": 4.703369140625,
            "test_LL": -307.1783901148532
        },
        "fold_3": {
            "learning_time": 4.628173828125,
            "test_LL": -318.36290804476226
        },
        "fold_4": {
            "learning_time": 4.655517578125,
            "test_LL": -296.3582014168211
        },
        "fold_5": {
            "learning_time": 4.60400390625,
            "test_LL": -286.5983462959603
        },
        "fold_6": {
            "learning_time": 4.663818359375,
            "test_LL": -309.067079109028
        },
        "fold_7": {
            "learning_time": 4.6162109375,
            "test_LL": -299.43688252656784
        },
        "fold_8": {
            "learning_time": 4.701904296875,
            "test_LL": -302.39498603421305
        },
        "fold_9": {
            "learning_time": 4.64990234375,
            "test_LL": -312.38735483216294
        }
    }
}