{
    "average_accuracy": 0.6078352793896472,
    "average_error": 0.22242182128983612,
    "average_learning_time": 0.32420244140625,
    "average_nrmse": 0.10347620677733689,
    "runs": {
        "run_1": {
            "accuracy": 0.6135986733001658,
            "average_error": 0.22290390673732854,
            "learning_time": 360.8857421875,
            "nrmse": 0.09941698632069933
        },
        "run_2": {
            "accuracy": 0.61,
            "average_error": 0.2211429946919304,
            "learning_time": 294.90576171875,
            "nrmse": 0.10374315117340564
        },
        "run_3": {
            "accuracy": 0.6010830324909747,
            "average_error": 0.22205723703912997,
            "learning_time": 324.892578125,
            "nrmse": 0.10549944229378569
        },
        "run_4": {
            "accuracy": 0.6221033868092691,
            "average_error": 0.21701972728467858,
            "learning_time": 275.444091796875,
            "nrmse": 0.10335372428688643
        },
        "run_5": {
            "accuracy": 0.592391304347826,
            "average_error": 0.22898524069611315,
            "learning_time": 364.884033203125,
            "nrmse": 0.10536772981190733
        }
    }
}