{
    "average_accuracy": 0.7040917569169269,
    "average_error": 0.19254251697749009,
    "average_learning_time": 243.89390009765623,
    "average_nrmse": 0.11870985547350218,
    "runs": {
        "run_1": {
            "accuracy": 0.7015091404627825,
            "average_error": 0.19433962810077696,
            "learning_time": 244518.76342773438,
            "nrmse": 0.11994589136046226
        },
        "run_2": {
            "accuracy": 0.6967599225786216,
            "average_error": 0.1939900504784259,
            "learning_time": 243054.74169921875,
            "nrmse": 0.11595431694774568
        },
        "run_3": {
            "accuracy": 0.704992783736248,
            "average_error": 0.19444275885871987,
            "learning_time": 246377.92895507812,
            "nrmse": 0.12261100356941115
        },
        "run_4": {
            "accuracy": 0.7173784738766416,
            "average_error": 0.18594595944848644,
            "learning_time": 242188.3115234375,
            "nrmse": 0.11689198325214926
        },
        "run_5": {
            "accuracy": 0.6998184639303409,
            "average_error": 0.19399418800104115,
            "learning_time": 243329.7548828125,
            "nrmse": 0.11814608223774258
        }
    }
}