{
    "average_accuracy": 0.5564980534497491,
    "average_error": 0.26479739592934537,
    "average_learning_time": 0.193109814453125,
    "average_nrmse": 0.1385147126904112,
    "runs": {
        "run_1": {
            "accuracy": 0.5662020905923345,
            "average_error": 0.2670259162887092,
            "learning_time": 218.00244140625,
            "nrmse": 0.14307979905544177
        },
        "run_2": {
            "accuracy": 0.5486348122866894,
            "average_error": 0.262047379541078,
            "learning_time": 229.641845703125,
            "nrmse": 0.13074924039115393
        },
        "run_3": {
            "accuracy": 0.5488454706927176,
            "average_error": 0.2701553739396148,
            "learning_time": 184.940185546875,
            "nrmse": 0.1398779971608298
        },
        "run_4": {
            "accuracy": 0.5769230769230769,
            "average_error": 0.2550813584258775,
            "learning_time": 202.0068359375,
            "nrmse": 0.1359828965102121
        },
        "run_5": {
            "accuracy": 0.5418848167539267,
            "average_error": 0.2696769514514475,
            "learning_time": 130.957763671875,
            "nrmse": 0.14288363033441837
        }
    }
}