{
    "average_accuracy": 0.5804966063016199,
    "average_error": 0.24408583787315533,
    "average_learning_time": 0.231723388671875,
    "average_nrmse": 0.1211012586296583,
    "runs": {
        "run_1": {
            "accuracy": 0.5803108808290155,
            "average_error": 0.2531910865065445,
            "learning_time": 147.93994140625,
            "nrmse": 0.12950227902750425
        },
        "run_2": {
            "accuracy": 0.6035015447991761,
            "average_error": 0.22998933709810457,
            "learning_time": 186.93994140625,
            "nrmse": 0.11209857915333594
        },
        "run_3": {
            "accuracy": 0.5662393162393162,
            "average_error": 0.25053988174201036,
            "learning_time": 266.915283203125,
            "nrmse": 0.12168980381410902
        },
        "run_4": {
            "accuracy": 0.5887949260042283,
            "average_error": 0.23793035794225545,
            "learning_time": 223.92822265625,
            "nrmse": 0.12121659948665489
        },
        "run_5": {
            "accuracy": 0.5636363636363636,
            "average_error": 0.2487785260768616,
            "learning_time": 332.8935546875,
            "nrmse": 0.12099903166668743
        }
    }
}