{
    "average_accuracy": 0.5974677253235711,
    "average_error": 0.2230905458470292,
    "average_learning_time": 0.466834521484375,
    "average_nrmse": 0.0934885115000281,
    "runs": {
        "run_1": {
            "accuracy": 0.5736434108527132,
            "average_error": 0.2413199429527552,
            "learning_time": 483.825439453125,
            "nrmse": 0.09197631115921115
        },
        "run_2": {
            "accuracy": 0.6403940886699507,
            "average_error": 0.20158318428838173,
            "learning_time": 400.85888671875,
            "nrmse": 0.0877047358746607
        },
        "run_3": {
            "accuracy": 0.5793871866295265,
            "average_error": 0.22552816992751645,
            "learning_time": 499.827880859375,
            "nrmse": 0.08821318593349428
        },
        "run_4": {
            "accuracy": 0.5994694960212201,
            "average_error": 0.2212075437577934,
            "learning_time": 468.832275390625,
            "nrmse": 0.09806476687472207
        },
        "run_5": {
            "accuracy": 0.5944444444444444,
            "average_error": 0.22581388830869922,
            "learning_time": 480.828125,
            "nrmse": 0.10148355765805225
        }
    }
}