{
    "average_accuracy": 0.7762671778696917,
    "average_error": 0.14939105863543223,
    "average_learning_time": 172.56442661132812,
    "average_nrmse": 0.096289798996235,
    "runs": {
        "run_1": {
            "accuracy": 0.7653299916457811,
            "average_error": 0.1481963447652034,
            "learning_time": 173188.67529296875,
            "nrmse": 0.08642944220162092
        },
        "run_2": {
            "accuracy": 0.7520270024485767,
            "average_error": 0.1589032039660106,
            "learning_time": 171864.01489257812,
            "nrmse": 0.09528192283357294
        },
        "run_3": {
            "accuracy": 0.7704582470669428,
            "average_error": 0.1530806642775215,
            "learning_time": 174087.94409179688,
            "nrmse": 0.09846560095213883
        },
        "run_4": {
            "accuracy": 0.8029056749251258,
            "average_error": 0.13392325610177339,
            "learning_time": 172079.34545898438,
            "nrmse": 0.0888010639781299
        },
        "run_5": {
            "accuracy": 0.7906149732620321,
            "average_error": 0.1528518240666522,
            "learning_time": 171602.1533203125,
            "nrmse": 0.11247096501571238
        }
    }
}