{
    "average_accuracy": 0.7397052306759212,
    "average_error": 0.17067367748414436,
    "average_learning_time": 167.19652114257812,
    "average_nrmse": 0.10665861188419119,
    "runs": {
        "run_1": {
            "accuracy": 0.7330060338248211,
            "average_error": 0.17257012270057306,
            "learning_time": 167792.63745117188,
            "nrmse": 0.10512452021871176
        },
        "run_2": {
            "accuracy": 0.7374286942573387,
            "average_error": 0.17052472889240133,
            "learning_time": 168434.71875,
            "nrmse": 0.10477717399935856
        },
        "run_3": {
            "accuracy": 0.747102095311654,
            "average_error": 0.17014866555305033,
            "learning_time": 166867.92211914062,
            "nrmse": 0.11104206617069633
        },
        "run_4": {
            "accuracy": 0.7419089331368541,
            "average_error": 0.16960887932307922,
            "learning_time": 167256.9375,
            "nrmse": 0.10640731679446012
        },
        "run_5": {
            "accuracy": 0.7390803968489379,
            "average_error": 0.17051599095161785,
            "learning_time": 165630.38989257812,
            "nrmse": 0.10594198223772919
        }
    }
}