{
    "average_accuracy": 0.721225389306147,
    "average_error": 0.18215769556386896,
    "average_learning_time": 152.12352607421874,
    "average_nrmse": 0.11314561332816608,
    "runs": {
        "run_1": {
            "accuracy": 0.7126838022237727,
            "average_error": 0.18726671554004481,
            "learning_time": 152647.03759765625,
            "nrmse": 0.11580279965705732
        },
        "run_2": {
            "accuracy": 0.725435776519207,
            "average_error": 0.17910949807995782,
            "learning_time": 152771.861328125,
            "nrmse": 0.11092755136507552
        },
        "run_3": {
            "accuracy": 0.7166475473740286,
            "average_error": 0.1848031353785402,
            "learning_time": 151710.8642578125,
            "nrmse": 0.11441076591608935
        },
        "run_4": {
            "accuracy": 0.7150067637700717,
            "average_error": 0.18261916617628063,
            "learning_time": 151934.255859375,
            "nrmse": 0.10949483042367515
        },
        "run_5": {
            "accuracy": 0.736353056643655,
            "average_error": 0.17698996264452135,
            "learning_time": 151553.611328125,
            "nrmse": 0.11509211927893305
        }
    }
}