{
    "average_accuracy": 0.594014493213934,
    "average_error": 0.23160212759409776,
    "average_learning_time": 0.24912114257812498,
    "average_nrmse": 0.10975704254223964,
    "runs": {
        "run_1": {
            "accuracy": 0.6045918367346939,
            "average_error": 0.23274324081614864,
            "learning_time": 261.916259765625,
            "nrmse": 0.11206034240649716
        },
        "run_2": {
            "accuracy": 0.5971316818774446,
            "average_error": 0.22666800349398433,
            "learning_time": 311.905517578125,
            "nrmse": 0.10431404581555412
        },
        "run_3": {
            "accuracy": 0.5944148936170213,
            "average_error": 0.2292869488772625,
            "learning_time": 216.93017578125,
            "nrmse": 0.10943592567420876
        },
        "run_4": {
            "accuracy": 0.6007957559681698,
            "average_error": 0.22561186136451228,
            "learning_time": 252.918701171875,
            "nrmse": 0.1072307754549329
        },
        "run_5": {
            "accuracy": 0.5731382978723404,
            "average_error": 0.24370058341858114,
            "learning_time": 201.93505859375,
            "nrmse": 0.11574412336000532
        }
    }
}