{
    "average_accuracy": 0.6829356168060146,
    "average_error": 0.20612967621503603,
    "average_learning_time": 245.26060068359374,
    "average_nrmse": 0.1268905998015007,
    "runs": {
        "run_1": {
            "accuracy": 0.6709543483126231,
            "average_error": 0.21161019181736293,
            "learning_time": 244167.12231445312,
            "nrmse": 0.12772772048163866
        },
        "run_2": {
            "accuracy": 0.6649151327719938,
            "average_error": 0.21168374196161543,
            "learning_time": 246087.60034179688,
            "nrmse": 0.12354008105705054
        },
        "run_3": {
            "accuracy": 0.6928824157641332,
            "average_error": 0.20352893876765984,
            "learning_time": 245252.01782226562,
            "nrmse": 0.12953704914751207
        },
        "run_4": {
            "accuracy": 0.6973860430653464,
            "average_error": 0.19993717726234947,
            "learning_time": 246232.65698242188,
            "nrmse": 0.12659662035356078
        },
        "run_5": {
            "accuracy": 0.6885401441159761,
            "average_error": 0.2038883312661924,
            "learning_time": 244563.60595703125,
            "nrmse": 0.12705152796774138
        }
    }
}