{
    "average_accuracy": 0.7699745854209228,
    "average_error": 0.15312139471721625,
    "average_learning_time": 147.70680102539063,
    "average_nrmse": 0.09818995195874415,
    "runs": {
        "run_1": {
            "accuracy": 0.7665263059600775,
            "average_error": 0.1527747109974991,
            "learning_time": 147935.24951171875,
            "nrmse": 0.09513258025291092
        },
        "run_2": {
            "accuracy": 0.7744180601583878,
            "average_error": 0.1504350163072398,
            "learning_time": 147142.81494140625,
            "nrmse": 0.09675864235411666
        },
        "run_3": {
            "accuracy": 0.7454979187479187,
            "average_error": 0.16098977699921357,
            "learning_time": 146503.01196289062,
            "nrmse": 0.09419527396145096
        },
        "run_4": {
            "accuracy": 0.7879139092292368,
            "average_error": 0.14436809880136567,
            "learning_time": 148044.05981445312,
            "nrmse": 0.09599810453751025
        },
        "run_5": {
            "accuracy": 0.775516733008993,
            "average_error": 0.15703937048076325,
            "learning_time": 148908.86889648438,
            "nrmse": 0.10886515868773201
        }
    }
}