{
    "average_accuracy": 0.6365468127834634,
    "average_error": 0.1986199213579601,
    "average_learning_time": 0.438657080078125,
    "average_nrmse": 0.08246224591125954,
    "runs": {
        "run_1": {
            "accuracy": 0.6580310880829016,
            "average_error": 0.1931343886351741,
            "learning_time": 454.871826171875,
            "nrmse": 0.07205079464800582
        },
        "run_2": {
            "accuracy": 0.6169154228855721,
            "average_error": 0.20945043574409328,
            "learning_time": 545.8251953125,
            "nrmse": 0.0824109639141725
        },
        "run_3": {
            "accuracy": 0.6451612903225806,
            "average_error": 0.2025546781408241,
            "learning_time": 551.794677734375,
            "nrmse": 0.08580019045134021
        },
        "run_4": {
            "accuracy": 0.6565656565656566,
            "average_error": 0.18774376456356837,
            "learning_time": 312.8994140625,
            "nrmse": 0.07801117285198719
        },
        "run_5": {
            "accuracy": 0.6060606060606061,
            "average_error": 0.20021633970614086,
            "learning_time": 327.894287109375,
            "nrmse": 0.09403810769079203
        }
    }
}