{
  "average_accuracy": 0.755718918918919,
  "average_learning_time": 0.0044,
  "runs": {
    "run_1": {
      "accuracy": 0.7538378378378379,
      "learning_time": 3
    },
    "run_2": {
      "accuracy": 0.7545405405405405,
      "learning_time": 5
    },
    "run_3": {
      "accuracy": 0.755945945945946,
      "learning_time": 5
    },
    "run_4": {
      "accuracy": 0.7595135135135135,
      "learning_time": 5
    },
    "run_5": {
      "accuracy": 0.7547567567567568,
      "learning_time": 4
    }
  }
}