{
  "average_accuracy": 0.7565945945945947,
  "average_learning_time": 0.004,
  "runs": {
    "run_1": {
      "accuracy": 0.7581081081081081,
      "learning_time": 4
    },
    "run_2": {
      "accuracy": 0.7524324324324324,
      "learning_time": 4
    },
    "run_3": {
      "accuracy": 0.7574774774774775,
      "learning_time": 4
    },
    "run_4": {
      "accuracy": 0.7581981981981982,
      "learning_time": 4
    },
    "run_5": {
      "accuracy": 0.7567567567567568,
      "learning_time": 4
    }
  }
}