{
    "average_accuracy": 0.9149687620597964,
    "average_learning_time": 297.5003208984375,
    "runs": {
        "run_1": {
            "accuracy": 0.9046622729707005,
            "learning_time": 309998.3488769531
        },
        "run_2": {
            "accuracy": 0.9152087513976169,
            "learning_time": 292838.6533203125
        },
        "run_3": {
            "accuracy": 0.9127999782073324,
            "learning_time": 294500.8327636719
        },
        "run_4": {
            "accuracy": 0.922241210406634,
            "learning_time": 296101.7653808594
        },
        "run_5": {
            "accuracy": 0.9199315973166986,
            "learning_time": 294062.0041503906
        }
    }
}