{
    "average_accuracy": 0.8105842118354765,
    "average_error": 0.18128180491480322,
    "average_learning_time": 168.58782138671876,
    "average_nrmse": 0.151457199665829,
    "runs": {
        "run_1": {
            "accuracy": 0.8075192655663834,
            "average_error": 0.18500594921661231,
            "learning_time": 171062.49731445312,
            "nrmse": 0.15759840342093
        },
        "run_2": {
            "accuracy": 0.804118419660383,
            "average_error": 0.18613573928675747,
            "learning_time": 171609.1982421875,
            "nrmse": 0.1504009887596055
        },
        "run_3": {
            "accuracy": 0.8126952663107565,
            "average_error": 0.17658957588375995,
            "learning_time": 167323.05053710938,
            "nrmse": 0.13730066393032034
        },
        "run_4": {
            "accuracy": 0.827885652117737,
            "average_error": 0.16882405821827445,
            "learning_time": 169244.7490234375,
            "nrmse": 0.15675966278364972
        },
        "run_5": {
            "accuracy": 0.8007024555221227,
            "average_error": 0.18985370196861198,
            "learning_time": 163699.61181640625,
            "nrmse": 0.15522627943463926
        }
    }
}