{
    "average_accuracy": 0.8224720247575081,
    "average_error": 0.17314967223580044,
    "average_learning_time": 185.7464356933594,
    "average_nrmse": 0.15709589454459896,
    "runs": {
        "run_1": {
            "accuracy": 0.8357223423747724,
            "average_error": 0.16216195273249476,
            "learning_time": 207777.0986328125,
            "nrmse": 0.15440436812580763
        },
        "run_2": {
            "accuracy": 0.822337266033918,
            "average_error": 0.17216818570694756,
            "learning_time": 192274.72387695312,
            "nrmse": 0.1520215087567878
        },
        "run_3": {
            "accuracy": 0.8356122146508977,
            "average_error": 0.15811181362989482,
            "learning_time": 193472.04907226562,
            "nrmse": 0.13509991732613402
        },
        "run_4": {
            "accuracy": 0.8215450157347177,
            "average_error": 0.17954621954323122,
            "learning_time": 174158.94799804688,
            "nrmse": 0.1835474155623773
        },
        "run_5": {
            "accuracy": 0.7971432849932356,
            "average_error": 0.19376018956643382,
            "learning_time": 161049.35888671875,
            "nrmse": 0.16040626295188812
        }
    }
}