{
    "average_accuracy": 0.7907201113692961,
    "average_error": 0.19981763110110567,
    "average_learning_time": 0.11727875976562499,
    "average_nrmse": 0.16357338937680393,
    "runs": {
        "run_1": {
            "accuracy": 0.7884316770186336,
            "average_error": 0.20133013733805485,
            "learning_time": 92.969482421875,
            "nrmse": 0.1597246718510983
        },
        "run_2": {
            "accuracy": 0.7789392179636082,
            "average_error": 0.21103649939205454,
            "learning_time": 175.034423828125,
            "nrmse": 0.17638965756034108
        },
        "run_3": {
            "accuracy": 0.783763277693475,
            "average_error": 0.20698333903088564,
            "learning_time": 117.962646484375,
            "nrmse": 0.16793736765722633
        },
        "run_4": {
            "accuracy": 0.8000780944943382,
            "average_error": 0.19038694453510693,
            "learning_time": 90.970458984375,
            "nrmse": 0.16106818084581062
        },
        "run_5": {
            "accuracy": 0.8023882896764253,
            "average_error": 0.18935123520942643,
            "learning_time": 109.456787109375,
            "nrmse": 0.1527470689695433
        }
    }
}