{
    "average_accuracy": 0.8047130917744827,
    "average_error": 0.1855961221963374,
    "average_learning_time": 171.97105146484373,
    "average_nrmse": 0.1500632400893439,
    "runs": {
        "run_1": {
            "accuracy": 0.8049999674239801,
            "average_error": 0.1863267300895525,
            "learning_time": 169692.97265625,
            "nrmse": 0.1545246209725052
        },
        "run_2": {
            "accuracy": 0.787796605248138,
            "average_error": 0.19935928991329757,
            "learning_time": 169390.51025390625,
            "nrmse": 0.15226423883856133
        },
        "run_3": {
            "accuracy": 0.8162291552226982,
            "average_error": 0.17420537985248072,
            "learning_time": 175120.77905273438,
            "nrmse": 0.13913200846146992
        },
        "run_4": {
            "accuracy": 0.8130972896893709,
            "average_error": 0.1797827114769648,
            "learning_time": 181918.63134765625,
            "nrmse": 0.15367604908686228
        },
        "run_5": {
            "accuracy": 0.8014424412882257,
            "average_error": 0.18830649964939142,
            "learning_time": 163732.36401367188,
            "nrmse": 0.15071928308732083
        }
    }
}