{
    "average_accuracy": 0.8232113473707935,
    "average_error": 0.17215521563808317,
    "average_learning_time": 0.189133642578125,
    "average_nrmse": 0.1499315614085965,
    "runs": {
        "run_1": {
            "accuracy": 0.8150619637750238,
            "average_error": 0.17943138739054257,
            "learning_time": 215.92041015625,
            "nrmse": 0.1545799746233792
        },
        "run_2": {
            "accuracy": 0.8252148997134671,
            "average_error": 0.1714434843461469,
            "learning_time": 197.93603515625,
            "nrmse": 0.15613037034289123
        },
        "run_3": {
            "accuracy": 0.836329233680227,
            "average_error": 0.1601819767329891,
            "learning_time": 161.93115234375,
            "nrmse": 0.12786126866521408
        },
        "run_4": {
            "accuracy": 0.8297455968688845,
            "average_error": 0.1658240382911529,
            "learning_time": 198.93603515625,
            "nrmse": 0.15490133137925038
        },
        "run_5": {
            "accuracy": 0.8097050428163654,
            "average_error": 0.1838951914295843,
            "learning_time": 170.944580078125,
            "nrmse": 0.15618486203224766
        }
    }
}