{
    "average_accuracy": 0.802708173605177,
    "average_error": 0.1874454889328964,
    "average_learning_time": 160.96348618164063,
    "average_nrmse": 0.1513422515724983,
    "runs": {
        "run_1": {
            "accuracy": 0.7994018438448496,
            "average_error": 0.19037323912983387,
            "learning_time": 164116.18383789062,
            "nrmse": 0.15288187670367304
        },
        "run_2": {
            "accuracy": 0.789721611246267,
            "average_error": 0.19781974073970687,
            "learning_time": 164162.705078125,
            "nrmse": 0.15213803135494453
        },
        "run_3": {
            "accuracy": 0.8081770793364125,
            "average_error": 0.18174978123608532,
            "learning_time": 162228.05639648438,
            "nrmse": 0.1448149366685775
        },
        "run_4": {
            "accuracy": 0.8095468697041599,
            "average_error": 0.18330624566273943,
            "learning_time": 160913.06201171875,
            "nrmse": 0.15710100200803687
        },
        "run_5": {
            "accuracy": 0.8066934638941953,
            "average_error": 0.18397843789611645,
            "learning_time": 153397.42358398438,
            "nrmse": 0.1497754111272596
        }
    }
}