{
    "average_accuracy": 0.793401274450819,
    "average_learning_time": 0.126331689453125,
    "average_nrmse": 0.15673077957216883,
    "runs": {
        "run_1": {
            "accuracy": 0.7911698356429262,
            "learning_time": 110.4091796875,
            "nrmse": 0.1562512233175429
        },
        "run_2": {
            "accuracy": 0.7929260450160772,
            "learning_time": 92.7822265625,
            "nrmse": 0.1578497873289132
        },
        "run_3": {
            "accuracy": 0.7950015817779184,
            "learning_time": 73.200439453125,
            "nrmse": 0.1536348817391463
        },
        "run_4": {
            "accuracy": 0.7882314904623343,
            "learning_time": 249.858154296875,
            "nrmse": 0.1625019494202649
        },
        "run_5": {
            "accuracy": 0.7996774193548387,
            "learning_time": 105.408447265625,
            "nrmse": 0.1534160560549768
        }
    }
}