{
    "average_accuracy": 0.78542504814083,
    "average_error": 0.20570343227733806,
    "average_learning_time": 0.177937646484375,
    "average_nrmse": 0.1676216729302173,
    "runs": {
        "run_1": {
            "accuracy": 0.7827552986512524,
            "average_error": 0.20748288147996144,
            "learning_time": 124.94677734375,
            "nrmse": 0.1615493822052803
        },
        "run_2": {
            "accuracy": 0.7736486486486487,
            "average_error": 0.21652052400748115,
            "learning_time": 187.939453125,
            "nrmse": 0.1762133495975109
        },
        "run_3": {
            "accuracy": 0.7719546742209632,
            "average_error": 0.21565681694430316,
            "learning_time": 190.93896484375,
            "nrmse": 0.1607920218733629
        },
        "run_4": {
            "accuracy": 0.8079012345679012,
            "average_error": 0.18771452922271864,
            "learning_time": 189.926025390625,
            "nrmse": 0.17052535534896787
        },
        "run_5": {
            "accuracy": 0.7908653846153846,
            "average_error": 0.20114240973222594,
            "learning_time": 195.93701171875,
            "nrmse": 0.16902825562596457
        }
    }
}