{
    "average_accuracy": 0.8327269357554208,
    "average_error": 0.164535053577274,
    "average_learning_time": 0.10495566406250001,
    "average_nrmse": 0.15151285524366473,
    "runs": {
        "run_1": {
            "accuracy": 0.8452611218568665,
            "average_error": 0.15386006147108006,
            "learning_time": 87.958984375,
            "nrmse": 0.147278534774579
        },
        "run_2": {
            "accuracy": 0.8280373831775701,
            "average_error": 0.16680756484064338,
            "learning_time": 139.954833984375,
            "nrmse": 0.14768410660797052
        },
        "run_3": {
            "accuracy": 0.8552875695732839,
            "average_error": 0.1464608638186769,
            "learning_time": 87.958740234375,
            "nrmse": 0.13062932930165813
        },
        "run_4": {
            "accuracy": 0.8342967244701349,
            "average_error": 0.16750499070816582,
            "learning_time": 94.9560546875,
            "nrmse": 0.1772320240652444
        },
        "run_5": {
            "accuracy": 0.8007518796992481,
            "average_error": 0.188041787047804,
            "learning_time": 113.94970703125,
            "nrmse": 0.15474028146887162
        }
    }
}