{
    "average_accuracy": 0.8091858193189901,
    "average_error": 0.1830623659119956,
    "average_learning_time": 168.62200649414063,
    "average_nrmse": 0.15463904509227697,
    "runs": {
        "run_1": {
            "accuracy": 0.8072096010638061,
            "average_error": 0.1871213658909439,
            "learning_time": 172801.74536132812,
            "nrmse": 0.16633491139169426
        },
        "run_2": {
            "accuracy": 0.8087627448852522,
            "average_error": 0.18410705925593043,
            "learning_time": 169369.33178710938,
            "nrmse": 0.1579630077736006
        },
        "run_3": {
            "accuracy": 0.814461033279791,
            "average_error": 0.17384871865696394,
            "learning_time": 170817.265625,
            "nrmse": 0.13098447575839903
        },
        "run_4": {
            "accuracy": 0.8113555704907893,
            "average_error": 0.18113305604184587,
            "learning_time": 168776.84521484375,
            "nrmse": 0.15359135332817456
        },
        "run_5": {
            "accuracy": 0.8041401468753125,
            "average_error": 0.1891016297142937,
            "learning_time": 161344.84448242188,
            "nrmse": 0.16432147720951654
        }
    }
}