{
    "average_accuracy": 0.7827380753538049,
    "average_error": 0.21010240913921513,
    "average_learning_time": 0.23893437499999998,
    "average_nrmse": 0.17388489916016914,
    "runs": {
        "run_1": {
            "accuracy": 0.7673677501593371,
            "average_error": 0.22058433810448227,
            "learning_time": 260.961181640625,
            "nrmse": 0.17010289601050474
        },
        "run_2": {
            "accuracy": 0.768837803320562,
            "average_error": 0.22131608178018755,
            "learning_time": 214.43701171875,
            "nrmse": 0.1789655726277201
        },
        "run_3": {
            "accuracy": 0.8209142141515341,
            "average_error": 0.17483265568842563,
            "learning_time": 248.9208984375,
            "nrmse": 0.13877291484150697
        },
        "run_4": {
            "accuracy": 0.8006600660066007,
            "average_error": 0.19967260204633333,
            "learning_time": 223.43212890625,
            "nrmse": 0.18617526755385927
        },
        "run_5": {
            "accuracy": 0.7559105431309904,
            "average_error": 0.23410636807664706,
            "learning_time": 246.920654296875,
            "nrmse": 0.19540784476725456
        }
    }
}