{
    "average_learning_time": 11.2080662109375,
    "average_test_LL": -718.6518938790034,
    "folds": {
        "fold_1": {
            "learning_time": 9068.016845703125,
            "test_LL": -867.5128798272033
        },
        "fold_10": {
            "learning_time": 10031.4189453125,
            "test_LL": -665.4429158268842
        },
        "fold_2": {
            "learning_time": 10261.742431640625,
            "test_LL": -611.0293126918241
        },
        "fold_3": {
            "learning_time": 11787.949951171875,
            "test_LL": -618.7023460139807
        },
        "fold_4": {
            "learning_time": 9771.8173828125,
            "test_LL": -785.7396903024661
        },
        "fold_5": {
            "learning_time": 16143.599365234375,
            "test_LL": -642.8156247650838
        },
        "fold_6": {
            "learning_time": 12099.193359375,
            "test_LL": -644.926333056003
        },
        "fold_7": {
            "learning_time": 10910.455810546875,
            "test_LL": -925.5696856686942
        },
        "fold_8": {
            "learning_time": 10648.124755859375,
            "test_LL": -603.175745257947
        },
        "fold_9": {
            "learning_time": 11358.34326171875,
            "test_LL": -821.6044053799477
        }
    }
}