{
    "average_learning_time": 0.08443505859375,
    "average_nrmse": 0.13014936828020032,
    "runs": {
        "run_1": {
            "learning_time": 98.14306640625,
            "nrmse": 0.13303116593844852
        },
        "run_2": {
            "learning_time": 79.055908203125,
            "nrmse": 0.13243485957124285
        },
        "run_3": {
            "learning_time": 80.0322265625,
            "nrmse": 0.12656592906856545
        },
        "run_4": {
            "learning_time": 99.55224609375,
            "nrmse": 0.1307551674747222
        },
        "run_5": {
            "learning_time": 65.391845703125,
            "nrmse": 0.1279597193480227
        }
    }
}