{
    "average_learning_time": 86.12858618164063,
    "average_nrmse": 0.14851113063883292,
    "runs": {
        "run_1": {
            "learning_time": 85514.56689453125,
            "nrmse": 0.15413735254489197
        },
        "run_2": {
            "learning_time": 85834.07958984375,
            "nrmse": 0.14775007072270496
        },
        "run_3": {
            "learning_time": 86723.26098632812,
            "nrmse": 0.14683695633648228
        },
        "run_4": {
            "learning_time": 87463.30786132812,
            "nrmse": 0.1453162222074228
        },
        "run_5": {
            "learning_time": 85107.71557617188,
            "nrmse": 0.14851505138266263
        }
    }
}