{
  "average_nrmse": 0.1343679521761338,
  "average_learning_time": 17.3194,
  "runs": {
    "run_1": {
      "nrmse": 0.135262896171749,
      "learning_time": 19443
    },
    "run_2": {
      "nrmse": 0.13496821888823954,
      "learning_time": 18755
    },
    "run_3": {
      "nrmse": 0.13307645290218906,
      "learning_time": 14424
    },
    "run_4": {
      "nrmse": 0.13241761163234947,
      "learning_time": 20440
    },
    "run_5": {
      "nrmse": 0.13611458128614198,
      "learning_time": 13535
    }
  }
}