{
    "average_learning_time": 112.00228344726563,
    "average_nrmse": 0.1445353540597631,
    "runs": {
        "run_1": {
            "learning_time": 146642.59692382812,
            "nrmse": 0.14544505292419116
        },
        "run_2": {
            "learning_time": 104409.46899414062,
            "nrmse": 0.1450638318235283
        },
        "run_3": {
            "learning_time": 107965.42431640625,
            "nrmse": 0.14423042734208888
        },
        "run_4": {
            "learning_time": 106872.94262695312,
            "nrmse": 0.1425451878959919
        },
        "run_5": {
            "learning_time": 94120.984375,
            "nrmse": 0.14539227031301524
        }
    }
}