{
    "average_learning_time": 0.085598828125,
    "average_nrmse": 0.1527643005776846,
    "runs": {
        "run_1": {
            "learning_time": 82.960205078125,
            "nrmse": 0.15149430948886675
        },
        "run_2": {
            "learning_time": 78.079345703125,
            "nrmse": 0.15508144734350943
        },
        "run_3": {
            "learning_time": 113.217041015625,
            "nrmse": 0.15146648939388155
        },
        "run_4": {
            "learning_time": 72.2236328125,
            "nrmse": 0.15356199889244285
        },
        "run_5": {
            "learning_time": 81.513916015625,
            "nrmse": 0.15221725776972247
        }
    }
}