{
    "average_learning_time": 0.08813642578125,
    "average_nrmse": 0.14947350164193715,
    "runs": {
        "run_1": {
            "learning_time": 73.199951171875,
            "nrmse": 0.1542742773927436
        },
        "run_2": {
            "learning_time": 85.888427734375,
            "nrmse": 0.14970638598369052
        },
        "run_3": {
            "learning_time": 87.369873046875,
            "nrmse": 0.15215647518846637
        },
        "run_4": {
            "learning_time": 97.599365234375,
            "nrmse": 0.1468747064778029
        },
        "run_5": {
            "learning_time": 96.62451171875,
            "nrmse": 0.1443556631669823
        }
    }
}