{
    "average_learning_time": 123.22376567382813,
    "average_nrmse": 0.1539585311224717,
    "runs": {
        "run_1": {
            "learning_time": 118570.11669921875,
            "nrmse": 0.15654510408471253
        },
        "run_2": {
            "learning_time": 123560.87255859375,
            "nrmse": 0.15572117874112598
        },
        "run_3": {
            "learning_time": 123610.38134765625,
            "nrmse": 0.15184022365957403
        },
        "run_4": {
            "learning_time": 123989.48999023438,
            "nrmse": 0.1539902576754169
        },
        "run_5": {
            "learning_time": 126387.9677734375,
            "nrmse": 0.1516958914515291
        }
    }
}