{
    "average_learning_time": 86.60805874023438,
    "average_nrmse": 0.15083447992594526,
    "runs": {
        "run_1": {
            "learning_time": 86349.23193359375,
            "nrmse": 0.15113776022020164
        },
        "run_2": {
            "learning_time": 85789.34643554688,
            "nrmse": 0.15421960317734085
        },
        "run_3": {
            "learning_time": 87953.63452148438,
            "nrmse": 0.14926382521441506
        },
        "run_4": {
            "learning_time": 87009.57763671875,
            "nrmse": 0.15142895428663336
        },
        "run_5": {
            "learning_time": 85938.50317382812,
            "nrmse": 0.1481222567311353
        }
    }
}