{
    "average_learning_time": 0.0881693359375,
    "average_nrmse": 0.12284882519439241,
    "runs": {
        "run_1": {
            "learning_time": 101.541259765625,
            "nrmse": 0.11874448222584492
        },
        "run_2": {
            "learning_time": 83.934326171875,
            "nrmse": 0.13642514641556908
        },
        "run_3": {
            "learning_time": 62.971923828125,
            "nrmse": 0.11722716211299196
        },
        "run_4": {
            "learning_time": 97.647705078125,
            "nrmse": 0.12168210046190954
        },
        "run_5": {
            "learning_time": 94.75146484375,
            "nrmse": 0.1201652347556466
        }
    }
}