{
  "average_nrmse": 0.15737366807240494,
  "average_learning_time": 4.0E-4,
  "runs": {
    "run_1": {
      "nrmse": 0.15850627985968793,
      "learning_time": 1
    },
    "run_2": {
      "nrmse": 0.15892207308712078,
      "learning_time": 0
    },
    "run_3": {
      "nrmse": 0.15601020728693116,
      "learning_time": 0
    },
    "run_4": {
      "nrmse": 0.15767830618864326,
      "learning_time": 0
    },
    "run_5": {
      "nrmse": 0.15575147393964148,
      "learning_time": 1
    }
  }
}