{
    "average_learning_time": 87.24610224609376,
    "average_nrmse": 0.14136906078282388,
    "runs": {
        "run_1": {
            "learning_time": 87524.47631835938,
            "nrmse": 0.14486564444529396
        },
        "run_2": {
            "learning_time": 89068.84545898438,
            "nrmse": 0.14360217501709954
        },
        "run_3": {
            "learning_time": 87728.10913085938,
            "nrmse": 0.13609164432117568
        },
        "run_4": {
            "learning_time": 87391.68969726562,
            "nrmse": 0.14112377180782826
        },
        "run_5": {
            "learning_time": 84517.390625,
            "nrmse": 0.14116206832272193
        }
    }
}