{
    "average_learning_time": 0.09186884765625,
    "average_nrmse": 0.14388769733413423,
    "runs": {
        "run_1": {
            "learning_time": 88.3486328125,
            "nrmse": 0.14604750151461748
        },
        "run_2": {
            "learning_time": 106.89013671875,
            "nrmse": 0.14485556412497225
        },
        "run_3": {
            "learning_time": 93.26220703125,
            "nrmse": 0.1501074761611098
        },
        "run_4": {
            "learning_time": 89.835205078125,
            "nrmse": 0.14208614897795976
        },
        "run_5": {
            "learning_time": 81.008056640625,
            "nrmse": 0.1363417958920118
        }
    }
}