{
  "average_nrmse": 0.15735607249351907,
  "average_learning_time": 0.001,
  "runs": {
    "run_1": {
      "nrmse": 0.1621328077357966,
      "learning_time": 1
    },
    "run_2": {
      "nrmse": 0.1596039289312742,
      "learning_time": 1
    },
    "run_3": {
      "nrmse": 0.1543723769703385,
      "learning_time": 1
    },
    "run_4": {
      "nrmse": 0.1555396810635037,
      "learning_time": 1
    },
    "run_5": {
      "nrmse": 0.15513156776668222,
      "learning_time": 1
    }
  }
}