{
    "average_learning_time": 0.088635595703125,
    "average_nrmse": 0.15031419344370534,
    "runs": {
        "run_1": {
            "learning_time": 93.228515625,
            "nrmse": 0.15075145010771612
        },
        "run_2": {
            "learning_time": 83.4658203125,
            "nrmse": 0.14829907196720565
        },
        "run_3": {
            "learning_time": 82.9599609375,
            "nrmse": 0.1503831003844091
        },
        "run_4": {
            "learning_time": 104.938232421875,
            "nrmse": 0.1529596142234671
        },
        "run_5": {
            "learning_time": 78.58544921875,
            "nrmse": 0.14917773053572875
        }
    }
}