{
    "average_learning_time": 81.98541562499999,
    "average_nrmse": 0.1359112400451891,
    "runs": {
        "run_1": {
            "learning_time": 86578.98217773438,
            "nrmse": 0.13691148472776282
        },
        "run_2": {
            "learning_time": 80168.11181640625,
            "nrmse": 0.14441228779290702
        },
        "run_3": {
            "learning_time": 79402.46875,
            "nrmse": 0.13248938912573188
        },
        "run_4": {
            "learning_time": 81448.5185546875,
            "nrmse": 0.13124619282402036
        },
        "run_5": {
            "learning_time": 82328.99682617188,
            "nrmse": 0.1344968457555233
        }
    }
}