{
  "average_nrmse": 0.1566528707726947,
  "average_learning_time": 0.002,
  "runs": {
    "run_1": {
      "nrmse": 0.1556428995655128,
      "learning_time": 3
    },
    "run_2": {
      "nrmse": 0.16593501763926072,
      "learning_time": 2
    },
    "run_3": {
      "nrmse": 0.15306204455691214,
      "learning_time": 2
    },
    "run_4": {
      "nrmse": 0.1544754127655985,
      "learning_time": 1
    },
    "run_5": {
      "nrmse": 0.15414897933618943,
      "learning_time": 2
    }
  }
}