{
    "average_learning_time": 106.07517431640625,
    "average_nrmse": 0.10059649662699081,
    "runs": {
        "run_1": {
            "learning_time": 104418.97583007812,
            "nrmse": 0.09956057984775545
        },
        "run_2": {
            "learning_time": 98697.59375,
            "nrmse": 0.097488785474179
        },
        "run_3": {
            "learning_time": 107411.71362304688,
            "nrmse": 0.09835550182736896
        },
        "run_4": {
            "learning_time": 109009.89086914062,
            "nrmse": 0.10624939897601811
        },
        "run_5": {
            "learning_time": 110837.69750976562,
            "nrmse": 0.10132821700963254
        }
    }
}