{
    "average_learning_time": 100.1914416015625,
    "average_nrmse": 0.09924416326632338,
    "runs": {
        "run_1": {
            "learning_time": 100945.17993164062,
            "nrmse": 0.09777243615646437
        },
        "run_2": {
            "learning_time": 100388.94848632812,
            "nrmse": 0.09568362470369342
        },
        "run_3": {
            "learning_time": 99731.373046875,
            "nrmse": 0.09726180803144215
        },
        "run_4": {
            "learning_time": 99209.95654296875,
            "nrmse": 0.1092343620110038
        },
        "run_5": {
            "learning_time": 100681.75,
            "nrmse": 0.09626858542901312
        }
    }
}