{
    "average_learning_time": 0.10631201171875,
    "average_nrmse": 0.10353036836794009,
    "runs": {
        "run_1": {
            "learning_time": 108.336669921875,
            "nrmse": 0.10361896733191076
        },
        "run_2": {
            "learning_time": 121.5302734375,
            "nrmse": 0.10226630987791291
        },
        "run_3": {
            "learning_time": 107.3603515625,
            "nrmse": 0.10749155440030872
        },
        "run_4": {
            "learning_time": 88.890625,
            "nrmse": 0.10337964159910602
        },
        "run_5": {
            "learning_time": 105.442138671875,
            "nrmse": 0.10089536863046206
        }
    }
}