{
    "average_learning_time": 0.1030654296875,
    "average_nrmse": 0.08726845052769047,
    "runs": {
        "run_1": {
            "learning_time": 111.263916015625,
            "nrmse": 0.08566095163333426
        },
        "run_2": {
            "learning_time": 103.45654296875,
            "nrmse": 0.08589121539152705
        },
        "run_3": {
            "learning_time": 89.79150390625,
            "nrmse": 0.08968885752820846
        },
        "run_4": {
            "learning_time": 108.3359375,
            "nrmse": 0.09343846249851308
        },
        "run_5": {
            "learning_time": 102.479248046875,
            "nrmse": 0.0816627655868696
        }
    }
}