{
    "average_learning_time": 0.10590742187499999,
    "average_nrmse": 0.09829330197497169,
    "runs": {
        "run_1": {
            "learning_time": 102.479736328125,
            "nrmse": 0.09586720415520442
        },
        "run_2": {
            "learning_time": 96.1572265625,
            "nrmse": 0.09512114562481834
        },
        "run_3": {
            "learning_time": 95.647705078125,
            "nrmse": 0.09828772891912482
        },
        "run_4": {
            "learning_time": 119.57666015625,
            "nrmse": 0.10091730931859655
        },
        "run_5": {
            "learning_time": 115.67578125,
            "nrmse": 0.10127312185711429
        }
    }
}