{
  "average_nrmse": 0.12693410203893035,
  "average_learning_time": 4.0E-4,
  "runs": {
    "run_1": {
      "nrmse": 0.1285324417478563,
      "learning_time": 0
    },
    "run_2": {
      "nrmse": 0.11745236892121198,
      "learning_time": 0
    },
    "run_3": {
      "nrmse": 0.12640827699547977,
      "learning_time": 0
    },
    "run_4": {
      "nrmse": 0.1367086367437006,
      "learning_time": 1
    },
    "run_5": {
      "nrmse": 0.1255687857864031,
      "learning_time": 1
    }
  }
}