{
    "average_learning_time": 0.07234697265625001,
    "average_nrmse": 0.10882420962657205,
    "runs": {
        "run_1": {
            "learning_time": 114.26611328125,
            "nrmse": 0.10894117677797183
        },
        "run_2": {
            "learning_time": 65.4267578125,
            "nrmse": 0.10911391251684682
        },
        "run_3": {
            "learning_time": 40.9921875,
            "nrmse": 0.10999782076657948
        },
        "run_4": {
            "learning_time": 42.943603515625,
            "nrmse": 0.10982681387828425
        },
        "run_5": {
            "learning_time": 98.106201171875,
            "nrmse": 0.10624132419317782
        }
    }
}