{
    "average_learning_time": 2219.576,
    "average_nrmse": 0.09319664967425623,
    "runs": {
        "run_1": {
            "learning_time": 2270838,
            "nrmse": 0.09574037486091896
        },
        "run_2": {
            "learning_time": 2187276,
            "nrmse": 0.09077243006665654
        },
        "run_3": {
            "learning_time": 2322600,
            "nrmse": 0.09511316629983581
        },
        "run_4": {
            "learning_time": 2443008,
            "nrmse": 0.09391455712516023
        },
        "run_5": {
            "learning_time": 1925419,
            "nrmse": 0.09298644520537233
        }
    }
}