{
  "average_nrmse": 0.09277073534387927,
  "average_learning_time": 11.784,
  "runs": {
    "run_1": {
      "nrmse": 0.09184595541076873,
      "learning_time": 19127
    },
    "run_2": {
      "nrmse": 0.08962723471743905,
      "learning_time": 7079
    },
    "run_3": {
      "nrmse": 0.09104373127636492,
      "learning_time": 9746
    },
    "run_4": {
      "nrmse": 0.09370169437507685,
      "learning_time": 14108
    },
    "run_5": {
      "nrmse": 0.09763506093974673,
      "learning_time": 8860
    }
  }
}