{
    "average_learning_time": 99.29753046875,
    "average_nrmse": 0.10533794350720749,
    "runs": {
        "run_1": {
            "learning_time": 99889.66528320312,
            "nrmse": 0.10840145153896202
        },
        "run_2": {
            "learning_time": 98624.57397460938,
            "nrmse": 0.10196603697284327
        },
        "run_3": {
            "learning_time": 100197.658203125,
            "nrmse": 0.10204073206267693
        },
        "run_4": {
            "learning_time": 99473.48828125,
            "nrmse": 0.10965592505401338
        },
        "run_5": {
            "learning_time": 98302.2666015625,
            "nrmse": 0.10462557190754175
        }
    }
}