{
    "average_learning_time": 124.8456615234375,
    "average_nrmse": 0.113790536872907,
    "runs": {
        "run_1": {
            "learning_time": 123559.61376953125,
            "nrmse": 0.11695738944482241
        },
        "run_2": {
            "learning_time": 124206.119140625,
            "nrmse": 0.11090567963124906
        },
        "run_3": {
            "learning_time": 121287.11499023438,
            "nrmse": 0.11294939652275536
        },
        "run_4": {
            "learning_time": 121807.18823242188,
            "nrmse": 0.11637289425054752
        },
        "run_5": {
            "learning_time": 133368.271484375,
            "nrmse": 0.11176732451516055
        }
    }
}