{
    "average_learning_time": 109.16375791015625,
    "average_nrmse": 0.09848475038461875,
    "runs": {
        "run_1": {
            "learning_time": 116401.04565429688,
            "nrmse": 0.09711887317736842
        },
        "run_2": {
            "learning_time": 116021.412109375,
            "nrmse": 0.09151270598000961
        },
        "run_3": {
            "learning_time": 110837.04125976562,
            "nrmse": 0.09328359441354171
        },
        "run_4": {
            "learning_time": 102392.08837890625,
            "nrmse": 0.1121826512644049
        },
        "run_5": {
            "learning_time": 100167.2021484375,
            "nrmse": 0.09832592708776902
        }
    }
}