{
    "average_learning_time": 101.11348315429687,
    "average_nrmse": 0.11056967407413673,
    "runs": {
        "run_1": {
            "learning_time": 104211.8642578125,
            "nrmse": 0.112442214262465
        },
        "run_2": {
            "learning_time": 103307.39868164062,
            "nrmse": 0.10839065617843853
        },
        "run_3": {
            "learning_time": 100223.79638671875,
            "nrmse": 0.1054324476302068
        },
        "run_4": {
            "learning_time": 97973.99291992188,
            "nrmse": 0.11687514593864223
        },
        "run_5": {
            "learning_time": 99850.36352539062,
            "nrmse": 0.10970790636093114
        }
    }
}