{
    "average_learning_time": 0.0793685546875,
    "average_nrmse": 0.11404577672867436,
    "runs": {
        "run_1": {
            "learning_time": 57.66259765625,
            "nrmse": 0.10791772241253723
        },
        "run_2": {
            "learning_time": 94.67236328125,
            "nrmse": 0.11534035497115289
        },
        "run_3": {
            "learning_time": 114.1923828125,
            "nrmse": 0.12126814226510535
        },
        "run_4": {
            "learning_time": 55.63232421875,
            "nrmse": 0.11325730924638044
        },
        "run_5": {
            "learning_time": 74.68310546875,
            "nrmse": 0.11244535474819586
        }
    }
}