{
    "average_learning_time": 0.12698911132812502,
    "average_nrmse": 0.08312553673565284,
    "runs": {
        "run_1": {
            "learning_time": 91.276123046875,
            "nrmse": 0.08025570608191304
        },
        "run_2": {
            "learning_time": 115.67431640625,
            "nrmse": 0.08021858744188295
        },
        "run_3": {
            "learning_time": 141.518798828125,
            "nrmse": 0.083678203718913
        },
        "run_4": {
            "learning_time": 162.9931640625,
            "nrmse": 0.09008602883476921
        },
        "run_5": {
            "learning_time": 123.483154296875,
            "nrmse": 0.08138915760078609
        }
    }
}