{
  "average_learning_time": 28.9206,
  "average_test_LL": -467.63573773804774,
  "average_train_BIC": -4208.891404286537,
  "folds": {
    "fold_1": {
      "test_LL": -474.79108070409603,
      "train_BIC": -4212.094539192333,
      "learning_time": 27577
    },
    "fold_2": {
      "test_LL": -417.7330786689392,
      "train_BIC": -4510.313203252241,
      "learning_time": 32628
    },
    "fold_3": {
      "test_LL": -517.5838536940635,
      "train_BIC": -4152.331349369899,
      "learning_time": 27519
    },
    "fold_4": {
      "test_LL": -432.664141027172,
      "train_BIC": -4264.304782878503,
      "learning_time": 28036
    },
    "fold_5": {
      "test_LL": -466.0226425016598,
      "train_BIC": -4218.557558648725,
      "learning_time": 30153
    },
    "fold_6": {
      "test_LL": -487.78148218136045,
      "train_BIC": -4183.945458452728,
      "learning_time": 27761
    },
    "fold_7": {
      "test_LL": -400.5794445329979,
      "train_BIC": -4301.141565452245,
      "learning_time": 27845
    },
    "fold_8": {
      "test_LL": -479.31197430495723,
      "train_BIC": -3772.2267295095576,
      "learning_time": 30093
    },
    "fold_9": {
      "test_LL": -463.11826456571157,
      "train_BIC": -4230.5761429003605,
      "learning_time": 31442
    },
    "fold_10": {
      "test_LL": -536.7714151995198,
      "train_BIC": -4243.422713208776,
      "learning_time": 26152
    }
  }
}