{
    "average_learning_time": 0.37998323515625003,
    "average_test_LL": 1584.4248453270413,
    "folds": {
        "fold_1": {
            "learning_time": 369.5885263671875,
            "test_LL": 1721.6977393843406
        },
        "fold_10": {
            "learning_time": 358.0925461425781,
            "test_LL": 1891.6679435626866
        },
        "fold_2": {
            "learning_time": 365.1918220214844,
            "test_LL": 1726.9763954689604
        },
        "fold_3": {
            "learning_time": 381.21817724609375,
            "test_LL": 1792.897916044102
        },
        "fold_4": {
            "learning_time": 409.50358642578125,
            "test_LL": 1726.1572207420645
        },
        "fold_5": {
            "learning_time": 423.1678205566406,
            "test_LL": 1702.3528660195343
        },
        "fold_6": {
            "learning_time": 435.7223195800781,
            "test_LL": 1436.1750791933355
        },
        "fold_7": {
            "learning_time": 333.7172551269531,
            "test_LL": 1354.3308827964272
        },
        "fold_8": {
            "learning_time": 370.0024401855469,
            "test_LL": 1360.2936339417806
        },
        "fold_9": {
            "learning_time": 353.62785791015625,
            "test_LL": 1131.6987761171806
        }
    }
}