{
    "average_learning_time": 59.87089543457031,
    "average_test_LL": -2537.3146022374567,
    "folds": {
        "fold_1": {
            "learning_time": 42130.0087890625,
            "test_LL": -2648.8124296075016
        },
        "fold_10": {
            "learning_time": 49533.843994140625,
            "test_LL": -2011.3496647755621
        },
        "fold_2": {
            "learning_time": 61236.7890625,
            "test_LL": -2419.3575911383236
        },
        "fold_3": {
            "learning_time": 62825.240234375,
            "test_LL": -2696.786729972734
        },
        "fold_4": {
            "learning_time": 42969.659423828125,
            "test_LL": -2381.4257986202992
        },
        "fold_5": {
            "learning_time": 75086.58032226562,
            "test_LL": -2664.0897490210073
        },
        "fold_6": {
            "learning_time": 77290.763671875,
            "test_LL": -2620.024286290493
        },
        "fold_7": {
            "learning_time": 75563.35913085938,
            "test_LL": -2388.1298299470695
        },
        "fold_8": {
            "learning_time": 59938.11376953125,
            "test_LL": -2881.1053638232206
        },
        "fold_9": {
            "learning_time": 52134.595947265625,
            "test_LL": -2662.064579178356
        }
    }
}