{
    "average_learning_time": 4.658241577148438,
    "average_test_LL": -539.6065784735226,
    "folds": {
        "fold_1": {
            "learning_time": 4337.906494140625,
            "test_LL": -177.96227652532153
        },
        "fold_10": {
            "learning_time": 5551.447509765625,
            "test_LL": -1052.7026527820458
        },
        "fold_2": {
            "learning_time": 4177.961181640625,
            "test_LL": -120.87374405658291
        },
        "fold_3": {
            "learning_time": 4020.653564453125,
            "test_LL": -1048.295288155997
        },
        "fold_4": {
            "learning_time": 4262.718017578125,
            "test_LL": -74.75809533850878
        },
        "fold_5": {
            "learning_time": 3836.4794921875,
            "test_LL": -1005.7954706055658
        },
        "fold_6": {
            "learning_time": 4640.956298828125,
            "test_LL": -226.33451916577673
        },
        "fold_7": {
            "learning_time": 4608.664794921875,
            "test_LL": -1190.1981140571313
        },
        "fold_8": {
            "learning_time": 4425.142822265625,
            "test_LL": -230.67839253816874
        },
        "fold_9": {
            "learning_time": 6720.485595703125,
            "test_LL": -268.467231510129
        }
    }
}