{
    "average_accuracy": 0.4477901733025534,
    "average_error": 0.19348581835378229,
    "average_learning_time": 0.07977446289062501,
    "average_nrmse": 0.13369848362983827,
    "runs": {
        "run_1": {
            "accuracy": 0.49222797927461137,
            "average_error": 0.18673975165505544,
            "learning_time": 90.97119140625,
            "nrmse": 0.13323437347666658
        },
        "run_2": {
            "accuracy": 0.41711229946524064,
            "average_error": 0.2073090836506258,
            "learning_time": 38.9873046875,
            "nrmse": 0.14471264750327023
        },
        "run_3": {
            "accuracy": 0.4020618556701031,
            "average_error": 0.1969098679957187,
            "learning_time": 121.960693359375,
            "nrmse": 0.13007182194002231
        },
        "run_4": {
            "accuracy": 0.45161290322580644,
            "average_error": 0.18850793603369015,
            "learning_time": 51.983642578125,
            "nrmse": 0.12852807591027296
        },
        "run_5": {
            "accuracy": 0.47593582887700536,
            "average_error": 0.18796245243382145,
            "learning_time": 94.969482421875,
            "nrmse": 0.13194549931895924
        }
    }
}