{
    "average_accuracy": 0.44162315063875035,
    "average_error": 0.18173076663769483,
    "average_learning_time": 0.082883642578125,
    "average_nrmse": 0.11895641951710237,
    "runs": {
        "run_1": {
            "accuracy": 0.3953488372093023,
            "average_error": 0.19420199825019074,
            "learning_time": 45.985107421875,
            "nrmse": 0.12579380416010624
        },
        "run_2": {
            "accuracy": 0.47770700636942676,
            "average_error": 0.17720979538481302,
            "learning_time": 89.970947265625,
            "nrmse": 0.11969592901051966
        },
        "run_3": {
            "accuracy": 0.47468354430379744,
            "average_error": 0.1769779788228512,
            "learning_time": 87.482177734375,
            "nrmse": 0.11892156601062602
        },
        "run_4": {
            "accuracy": 0.40939597315436244,
            "average_error": 0.18539985667351158,
            "learning_time": 98.48974609375,
            "nrmse": 0.11786582831149058
        },
        "run_5": {
            "accuracy": 0.45098039215686275,
            "average_error": 0.17486420405710756,
            "learning_time": 92.490234375,
            "nrmse": 0.11250497009276929
        }
    }
}