{
    "average_accuracy": 0.7119664443025098,
    "average_error": 0.1331115240168556,
    "average_learning_time": 59.99305551757813,
    "average_nrmse": 0.1072911854034165,
    "runs": {
        "run_1": {
            "accuracy": 0.6875,
            "average_error": 0.14185199315022137,
            "learning_time": 59721.371826171875,
            "nrmse": 0.11341065867525828
        },
        "run_2": {
            "accuracy": 0.6753246753246753,
            "average_error": 0.13607279333418337,
            "learning_time": 59933.114990234375,
            "nrmse": 0.10463903811065982
        },
        "run_3": {
            "accuracy": 0.8412698412698413,
            "average_error": 0.12289580527355141,
            "learning_time": 59417.816162109375,
            "nrmse": 0.11692341303078353
        },
        "run_4": {
            "accuracy": 0.7,
            "average_error": 0.13171409476175897,
            "learning_time": 59830.95947265625,
            "nrmse": 0.10366644388871878
        },
        "run_5": {
            "accuracy": 0.6557377049180328,
            "average_error": 0.13302293356456293,
            "learning_time": 61062.01513671875,
            "nrmse": 0.09781637331166221
        }
    }
}