{
    "average_accuracy": 0.6341260340964707,
    "average_error": 0.1521670132246406,
    "average_learning_time": 113.10010317382813,
    "average_nrmse": 0.11654918777815919,
    "runs": {
        "run_1": {
            "accuracy": 0.6686046511627908,
            "average_error": 0.15077840677513416,
            "learning_time": 119380.34912109375,
            "nrmse": 0.12067558309812165
        },
        "run_2": {
            "accuracy": 0.6178343949044586,
            "average_error": 0.1517511594517078,
            "learning_time": 114949.0205078125,
            "nrmse": 0.11334875184440223
        },
        "run_3": {
            "accuracy": 0.6645569620253164,
            "average_error": 0.15315879004764188,
            "learning_time": 116938.77270507812,
            "nrmse": 0.12277808205980158
        },
        "run_4": {
            "accuracy": 0.651006711409396,
            "average_error": 0.14432749183273533,
            "learning_time": 108695.20288085938,
            "nrmse": 0.11021652570642389
        },
        "run_5": {
            "accuracy": 0.5686274509803921,
            "average_error": 0.16081921801598392,
            "learning_time": 105537.17065429688,
            "nrmse": 0.11572699618204658
        }
    }
}