{
    "average_accuracy": 0.6229977782423275,
    "average_error": 0.1579665582835911,
    "average_learning_time": 100.7947560546875,
    "average_nrmse": 0.12146061437124418,
    "runs": {
        "run_1": {
            "accuracy": 0.6062176165803109,
            "average_error": 0.1608498601768223,
            "learning_time": 101956.95263671875,
            "nrmse": 0.12202777296967783
        },
        "run_2": {
            "accuracy": 0.6042780748663101,
            "average_error": 0.15931551427514737,
            "learning_time": 102043.91381835938,
            "nrmse": 0.11991444579872358
        },
        "run_3": {
            "accuracy": 0.6443298969072164,
            "average_error": 0.1582551086241176,
            "learning_time": 100630.41162109375,
            "nrmse": 0.1253526095460066
        },
        "run_4": {
            "accuracy": 0.650537634408602,
            "average_error": 0.15439622051550012,
            "learning_time": 98937.84790039062,
            "nrmse": 0.12188519633618382
        },
        "run_5": {
            "accuracy": 0.6096256684491979,
            "average_error": 0.15701608782636806,
            "learning_time": 100404.654296875,
            "nrmse": 0.11812304720562906
        }
    }
}