{
    "average_accuracy": 0.7491499305292407,
    "average_error": 0.12015319537440676,
    "average_learning_time": 65.80709741210937,
    "average_nrmse": 0.0983703830250147,
    "runs": {
        "run_1": {
            "accuracy": 0.7666666666666667,
            "average_error": 0.12959975965058707,
            "learning_time": 72162.75366210938,
            "nrmse": 0.11231083070346269
        },
        "run_2": {
            "accuracy": 0.7692307692307692,
            "average_error": 0.11433988921492469,
            "learning_time": 62959.26806640625,
            "nrmse": 0.09493499895587366
        },
        "run_3": {
            "accuracy": 0.7857142857142857,
            "average_error": 0.11512243447833863,
            "learning_time": 64725.74267578125,
            "nrmse": 0.09859522117710935
        },
        "run_4": {
            "accuracy": 0.7241379310344828,
            "average_error": 0.11603246624989697,
            "learning_time": 65108.328369140625,
            "nrmse": 0.08939419913062692
        },
        "run_5": {
            "accuracy": 0.7,
            "average_error": 0.12567142727828653,
            "learning_time": 64079.394287109375,
            "nrmse": 0.09661666515800094
        }
    }
}