{
    "average_accuracy": 0.6583820825851472,
    "average_error": 0.14528353698664515,
    "average_learning_time": 71.05239560546875,
    "average_nrmse": 0.11256114024861053,
    "runs": {
        "run_1": {
            "accuracy": 0.674074074074074,
            "average_error": 0.14317611258236354,
            "learning_time": 58123.76318359375,
            "nrmse": 0.11271781035843643
        },
        "run_2": {
            "accuracy": 0.6589147286821706,
            "average_error": 0.14273870253125137,
            "learning_time": 58645.964599609375,
            "nrmse": 0.10968094106682168
        },
        "run_3": {
            "accuracy": 0.703125,
            "average_error": 0.1448893948156408,
            "learning_time": 57843.656494140625,
            "nrmse": 0.11955846061824761
        },
        "run_4": {
            "accuracy": 0.688,
            "average_error": 0.13956661370281,
            "learning_time": 66125.3896484375,
            "nrmse": 0.11082771598661169
        },
        "run_5": {
            "accuracy": 0.5677966101694916,
            "average_error": 0.15604686130116,
            "learning_time": 114523.2041015625,
            "nrmse": 0.11002077321293524
        }
    }
}