{
    "average_accuracy": 0.4947336804816313,
    "average_error": 0.1524658439932304,
    "average_learning_time": 0.08119365234375,
    "average_nrmse": 0.09366576473904066,
    "runs": {
        "run_1": {
            "accuracy": 0.484375,
            "average_error": 0.17066249126231542,
            "learning_time": 115.962890625,
            "nrmse": 0.11316873980603469
        },
        "run_2": {
            "accuracy": 0.5064935064935064,
            "average_error": 0.14468661113462003,
            "learning_time": 100.0400390625,
            "nrmse": 0.0865499640726411
        },
        "run_3": {
            "accuracy": 0.5079365079365079,
            "average_error": 0.15504934207200977,
            "learning_time": 73.98193359375,
            "nrmse": 0.09888031707342938
        },
        "run_4": {
            "accuracy": 0.4666666666666667,
            "average_error": 0.15073107305894767,
            "learning_time": 66.986328125,
            "nrmse": 0.08696402967988337
        },
        "run_5": {
            "accuracy": 0.5081967213114754,
            "average_error": 0.14119970243825902,
            "learning_time": 48.9970703125,
            "nrmse": 0.08276577306321477
        }
    }
}