{
    "average_accuracy": 0.4715187228786708,
    "average_error": 0.16776032105046984,
    "average_learning_time": 0.08878095703125,
    "average_nrmse": 0.10764016170532661,
    "runs": {
        "run_1": {
            "accuracy": 0.4782608695652174,
            "average_error": 0.19209472222455817,
            "learning_time": 107.96435546875,
            "nrmse": 0.13715398752285413
        },
        "run_2": {
            "accuracy": 0.4375,
            "average_error": 0.16670993022526764,
            "learning_time": 89.980712890625,
            "nrmse": 0.10074491859614558
        },
        "run_3": {
            "accuracy": 0.4772727272727273,
            "average_error": 0.16830541182410638,
            "learning_time": 94.486328125,
            "nrmse": 0.1092351016735787
        },
        "run_4": {
            "accuracy": 0.45918367346938777,
            "average_error": 0.15854402477155194,
            "learning_time": 94.483154296875,
            "nrmse": 0.09483197447837521
        },
        "run_5": {
            "accuracy": 0.5053763440860215,
            "average_error": 0.1531475162068651,
            "learning_time": 56.990234375,
            "nrmse": 0.09623482625567949
        }
    }
}