{
    "average_learning_time": 0.0855067138671875,
    "average_test_LL": -1453.8413232720588,
    "folds": {
        "fold_1": {
            "learning_time": 78.53662109375,
            "test_LL": -1444.7226899815278
        },
        "fold_10": {
            "learning_time": 95.314453125,
            "test_LL": -1547.6452829769041
        },
        "fold_2": {
            "learning_time": 78.60546875,
            "test_LL": -1446.0297147758497
        },
        "fold_3": {
            "learning_time": 81.09130859375,
            "test_LL": -1436.7583406236286
        },
        "fold_4": {
            "learning_time": 78.4892578125,
            "test_LL": -1433.739517102675
        },
        "fold_5": {
            "learning_time": 116.0517578125,
            "test_LL": -1436.3170436611006
        },
        "fold_6": {
            "learning_time": 82.482421875,
            "test_LL": -1439.2569371309382
        },
        "fold_7": {
            "learning_time": 83.490966796875,
            "test_LL": -1448.3952536034853
        },
        "fold_8": {
            "learning_time": 81.301025390625,
            "test_LL": -1455.4239255201883
        },
        "fold_9": {
            "learning_time": 79.703857421875,
            "test_LL": -1450.1245273442883
        }
    }
}