{
    "average_learning_time": 20.188357812499998,
    "average_test_LL": -953.4033178338744,
    "folds": {
        "fold_1": {
            "learning_time": 24661.1728515625,
            "test_LL": -1264.9679103999426
        },
        "fold_10": {
            "learning_time": 17081.67041015625,
            "test_LL": -551.9277890217548
        },
        "fold_2": {
            "learning_time": 29525.976806640625,
            "test_LL": -412.81426117165273
        },
        "fold_3": {
            "learning_time": 21428.908935546875,
            "test_LL": -488.99956322302836
        },
        "fold_4": {
            "learning_time": 22998.150634765625,
            "test_LL": -3838.658604216823
        },
        "fold_5": {
            "learning_time": 16596.94140625,
            "test_LL": -426.1087165852452
        },
        "fold_6": {
            "learning_time": 18212.75341796875,
            "test_LL": -353.35519594885596
        },
        "fold_7": {
            "learning_time": 17019.8525390625,
            "test_LL": -922.7048111837175
        },
        "fold_8": {
            "learning_time": 19282.3056640625,
            "test_LL": -415.6390777700256
        },
        "fold_9": {
            "learning_time": 15075.845458984375,
            "test_LL": -858.8572488176997
        }
    }
}