{
    "average_learning_time": 0.522014892578125,
    "average_nrmse": 0.09327257988235241,
    "runs": {
        "run_1": {
            "learning_time": 521.185546875,
            "nrmse": 0.09314611023888364
        },
        "run_2": {
            "learning_time": 558.270751953125,
            "nrmse": 0.09355991930407571
        },
        "run_3": {
            "learning_time": 496.89306640625,
            "nrmse": 0.09135226760578334
        },
        "run_4": {
            "learning_time": 501.193115234375,
            "nrmse": 0.09481928845073577
        },
        "run_5": {
            "learning_time": 532.531982421875,
            "nrmse": 0.09348531381228352
        }
    }
}