{
    "average_learning_time": 0.46940517578125,
    "average_nrmse": 0.09483089629533432,
    "runs": {
        "run_1": {
            "learning_time": 513.953369140625,
            "nrmse": 0.09333114518966668
        },
        "run_2": {
            "learning_time": 482.68603515625,
            "nrmse": 0.09499788676700845
        },
        "run_3": {
            "learning_time": 484.6015625,
            "nrmse": 0.09461547539633564
        },
        "run_4": {
            "learning_time": 376.80908203125,
            "nrmse": 0.09686079154552046
        },
        "run_5": {
            "learning_time": 488.975830078125,
            "nrmse": 0.09434918257814041
        }
    }
}