{
  "average_nrmse": 0.10209503613156572,
  "average_learning_time": 0.0076,
  "runs": {
    "run_1": {
      "nrmse": 0.09994958898677288,
      "learning_time": 9
    },
    "run_2": {
      "nrmse": 0.1045474915502157,
      "learning_time": 8
    },
    "run_3": {
      "nrmse": 0.1013672507728864,
      "learning_time": 8
    },
    "run_4": {
      "nrmse": 0.1024814657854824,
      "learning_time": 6
    },
    "run_5": {
      "nrmse": 0.1021293835624713,
      "learning_time": 7
    }
  }
}