{
    "average_learning_time": 353.06951459960936,
    "average_nrmse": 0.10412153518595571,
    "runs": {
        "run_1": {
            "learning_time": 342706.6044921875,
            "nrmse": 0.10521419838092082
        },
        "run_2": {
            "learning_time": 347472.4733886719,
            "nrmse": 0.10474999679584214
        },
        "run_3": {
            "learning_time": 357369.0173339844,
            "nrmse": 0.10439053516269028
        },
        "run_4": {
            "learning_time": 359583.2165527344,
            "nrmse": 0.10341871756480182
        },
        "run_5": {
            "learning_time": 358216.26123046875,
            "nrmse": 0.1028342280255234
        }
    }
}