{
    "average_learning_time": 363.54734067382816,
    "average_nrmse": 0.09637705431961519,
    "runs": {
        "run_1": {
            "learning_time": 363456.89794921875,
            "nrmse": 0.09756105154322356
        },
        "run_2": {
            "learning_time": 363440.30615234375,
            "nrmse": 0.0967715649241187
        },
        "run_3": {
            "learning_time": 361500.6594238281,
            "nrmse": 0.09699213986103022
        },
        "run_4": {
            "learning_time": 366966.7702636719,
            "nrmse": 0.09575231069489432
        },
        "run_5": {
            "learning_time": 362372.0695800781,
            "nrmse": 0.0948082045748091
        }
    }
}