{
    "average_learning_time": 465.14459921875005,
    "average_nrmse": 0.10779258040595904,
    "runs": {
        "run_1": {
            "learning_time": 493527.2687988281,
            "nrmse": 0.10610439035885347
        },
        "run_2": {
            "learning_time": 477738.87841796875,
            "nrmse": 0.10618340189326637
        },
        "run_3": {
            "learning_time": 457707.0646972656,
            "nrmse": 0.10590991605148456
        },
        "run_4": {
            "learning_time": 453183.478515625,
            "nrmse": 0.10735964484898203
        },
        "run_5": {
            "learning_time": 443566.3056640625,
            "nrmse": 0.11340554887720884
        }
    }
}