{
    "average_learning_time": 0.303564794921875,
    "average_nrmse": 0.0967752511673242,
    "runs": {
        "run_1": {
            "learning_time": 301.58349609375,
            "nrmse": 0.09521904457385032
        },
        "run_2": {
            "learning_time": 177.6689453125,
            "nrmse": 0.09658429712514854
        },
        "run_3": {
            "learning_time": 416.791015625,
            "nrmse": 0.09790104904529918
        },
        "run_4": {
            "learning_time": 206.912109375,
            "nrmse": 0.09768239910176807
        },
        "run_5": {
            "learning_time": 414.868408203125,
            "nrmse": 0.09648946599055493
        }
    }
}