{
    "average_learning_time": 0.688624267578125,
    "average_nrmse": 0.07559627392779074,
    "runs": {
        "run_1": {
            "learning_time": 719.311279296875,
            "nrmse": 0.07429957175864406
        },
        "run_2": {
            "learning_time": 712.123779296875,
            "nrmse": 0.07987994438076962
        },
        "run_3": {
            "learning_time": 764.20654296875,
            "nrmse": 0.07235082122172769
        },
        "run_4": {
            "learning_time": 575.4462890625,
            "nrmse": 0.07803665500423558
        },
        "run_5": {
            "learning_time": 672.033447265625,
            "nrmse": 0.07341437727357672
        }
    }
}