{
    "average_learning_time": 0.500161083984375,
    "average_nrmse": 0.08537118677288688,
    "runs": {
        "run_1": {
            "learning_time": 491.47314453125,
            "nrmse": 0.08552657361569775
        },
        "run_2": {
            "learning_time": 493.456787109375,
            "nrmse": 0.08477213764125868
        },
        "run_3": {
            "learning_time": 514.3935546875,
            "nrmse": 0.08306714543894668
        },
        "run_4": {
            "learning_time": 514.38818359375,
            "nrmse": 0.0866103635613742
        },
        "run_5": {
            "learning_time": 487.09375,
            "nrmse": 0.08687971360715706
        }
    }
}