{
    "average_learning_time": 355.71058076171875,
    "average_nrmse": 0.09044117020157857,
    "runs": {
        "run_1": {
            "learning_time": 353856.3212890625,
            "nrmse": 0.08692599772025861
        },
        "run_2": {
            "learning_time": 355582.41259765625,
            "nrmse": 0.09417819052879366
        },
        "run_3": {
            "learning_time": 360227.7414550781,
            "nrmse": 0.08984589186274654
        },
        "run_4": {
            "learning_time": 351761.6013183594,
            "nrmse": 0.08998346129358975
        },
        "run_5": {
            "learning_time": 357124.8271484375,
            "nrmse": 0.09127230960250429
        }
    }
}