{
    "average_learning_time": 0.5261284667968751,
    "average_nrmse": 0.08047913040892327,
    "runs": {
        "run_1": {
            "learning_time": 521.255126953125,
            "nrmse": 0.07938979671909642
        },
        "run_2": {
            "learning_time": 567.166259765625,
            "nrmse": 0.08552078198563944
        },
        "run_3": {
            "learning_time": 535.3525390625,
            "nrmse": 0.07765896759678516
        },
        "run_4": {
            "learning_time": 498.33544921875,
            "nrmse": 0.08065009607173765
        },
        "run_5": {
            "learning_time": 508.532958984375,
            "nrmse": 0.07917600967135768
        }
    }
}