{
    "average_learning_time": 393.3948523925782,
    "average_nrmse": 0.10052012377828042,
    "runs": {
        "run_1": {
            "learning_time": 375627.802734375,
            "nrmse": 0.0989986118290638
        },
        "run_2": {
            "learning_time": 393769.3200683594,
            "nrmse": 0.1022495143294541
        },
        "run_3": {
            "learning_time": 406282.443359375,
            "nrmse": 0.09938739893102873
        },
        "run_4": {
            "learning_time": 408264.4797363281,
            "nrmse": 0.10062857540800514
        },
        "run_5": {
            "learning_time": 383030.2160644531,
            "nrmse": 0.1013365183938503
        }
    }
}