{
  "average_nrmse": 0.10225124471625915,
  "average_learning_time": 0.0064,
  "runs": {
    "run_1": {
      "nrmse": 0.10252368833052933,
      "learning_time": 7
    },
    "run_2": {
      "nrmse": 0.10283536661577151,
      "learning_time": 7
    },
    "run_3": {
      "nrmse": 0.10222192550304049,
      "learning_time": 7
    },
    "run_4": {
      "nrmse": 0.1019453119474857,
      "learning_time": 5
    },
    "run_5": {
      "nrmse": 0.10172993118446871,
      "learning_time": 6
    }
  }
}