{
    "average_learning_time": 383.9015720703125,
    "average_nrmse": 0.09418076472853734,
    "runs": {
        "run_1": {
            "learning_time": 365637.15673828125,
            "nrmse": 0.09254652241446748
        },
        "run_2": {
            "learning_time": 373561.81884765625,
            "nrmse": 0.09372180370672743
        },
        "run_3": {
            "learning_time": 390561.6184082031,
            "nrmse": 0.09174209070184108
        },
        "run_4": {
            "learning_time": 400905.072265625,
            "nrmse": 0.09580700374030521
        },
        "run_5": {
            "learning_time": 388842.1940917969,
            "nrmse": 0.09708640307934549
        }
    }
}