{
    "average_learning_time": 0.095812158203125,
    "average_test_LL": -1250.8251553343653,
    "folds": {
        "fold_1": {
            "learning_time": 93.739013671875,
            "test_LL": -1253.460758225741
        },
        "fold_10": {
            "learning_time": 95.23779296875,
            "test_LL": -1277.12829880254
        },
        "fold_2": {
            "learning_time": 94.19775390625,
            "test_LL": -1255.0909357496805
        },
        "fold_3": {
            "learning_time": 100.038330078125,
            "test_LL": -1244.2971770312593
        },
        "fold_4": {
            "learning_time": 93.328125,
            "test_LL": -1248.588271652438
        },
        "fold_5": {
            "learning_time": 95.823486328125,
            "test_LL": -1234.320106834787
        },
        "fold_6": {
            "learning_time": 99.16357421875,
            "test_LL": -1248.7461801004638
        },
        "fold_7": {
            "learning_time": 93.2958984375,
            "test_LL": -1243.2416000031453
        },
        "fold_8": {
            "learning_time": 93.52587890625,
            "test_LL": -1254.115173703733
        },
        "fold_9": {
            "learning_time": 99.771728515625,
            "test_LL": -1249.263051239866
        }
    }
}