{
    "average_learning_time": 4.598912207031249,
    "average_test_LL": -180.72708547925922,
    "folds": {
        "fold_1": {
            "learning_time": 5928.369873046875,
            "test_LL": -136.49413899285213
        },
        "fold_10": {
            "learning_time": 4607.433349609375,
            "test_LL": -104.99986317969157
        },
        "fold_2": {
            "learning_time": 4301.85400390625,
            "test_LL": -72.8650019673891
        },
        "fold_3": {
            "learning_time": 4459.221923828125,
            "test_LL": 17.19315067677637
        },
        "fold_4": {
            "learning_time": 4349.430908203125,
            "test_LL": -20.126454428948875
        },
        "fold_5": {
            "learning_time": 4623.995849609375,
            "test_LL": -32.66328480679205
        },
        "fold_6": {
            "learning_time": 4617.93505859375,
            "test_LL": -183.5209970044247
        },
        "fold_7": {
            "learning_time": 3769.744873046875,
            "test_LL": -314.78135039570907
        },
        "fold_8": {
            "learning_time": 4366.05517578125,
            "test_LL": -371.9851139744309
        },
        "fold_9": {
            "learning_time": 4965.0810546875,
            "test_LL": -587.0278007191301
        }
    }
}