{
    "average_accuracy": 0.6487952047952048,
    "average_error": 0.24407720963733553,
    "average_learning_time": 76.75383383789062,
    "average_nrmse": 0.2226516925238436,
    "runs": {
        "run_1": {
            "accuracy": 0.653846153846154,
            "average_error": 0.24327373159712132,
            "learning_time": 73083.80297851562,
            "nrmse": 0.22269770868577637
        },
        "run_2": {
            "accuracy": 0.6666666666666667,
            "average_error": 0.23075630109697023,
            "learning_time": 80847.6259765625,
            "nrmse": 0.21024089464969764
        },
        "run_3": {
            "accuracy": 0.7272727272727273,
            "average_error": 0.22878375488013916,
            "learning_time": 77261.29223632812,
            "nrmse": 0.21999505131071245
        },
        "run_4": {
            "accuracy": 0.72,
            "average_error": 0.23277074041290155,
            "learning_time": 79134.20849609375,
            "nrmse": 0.22332488849548185
        },
        "run_5": {
            "accuracy": 0.47619047619047616,
            "average_error": 0.28480152019954535,
            "learning_time": 73442.23950195312,
            "nrmse": 0.23699991947754967
        }
    }
}