{
    "average_accuracy": 0.5605027893367351, 
    "average_error": 0.2838477770064086, 
    "average_learning_time": 19.73347685546875, 
    "average_nrmse": 0.25271789027503744, 
    "runs": {
        "run_1": {
            "accuracy": 0.6666666666666666, 
            "average_error": 0.25905627197381526, 
            "learning_time": 20171.10302734375, 
            "nrmse": 0.2442008597019117
        }, 
        "run_2": {
            "accuracy": 0.524390243902439, 
            "average_error": 0.29064928138495827, 
            "learning_time": 20068.2060546875, 
            "nrmse": 0.25365718644243773
        }, 
        "run_3": {
            "accuracy": 0.5205479452054794, 
            "average_error": 0.29275266639605085, 
            "learning_time": 19377.52490234375, 
            "nrmse": 0.255412788716357
        }, 
        "run_4": {
            "accuracy": 0.5194805194805194, 
            "average_error": 0.2901599770886287, 
            "learning_time": 19084.36328125, 
            "nrmse": 0.2520880764024583
        }, 
        "run_5": {
            "accuracy": 0.5714285714285714, 
            "average_error": 0.28662068818859, 
            "learning_time": 19966.18701171875, 
            "nrmse": 0.2582305401120223
        }
    }
}