{
    "average_accuracy": 0.45058473749705713, 
    "average_error": 0.3125485270412828, 
    "average_learning_time": 19.52875537109375, 
    "average_nrmse": 0.2651751799489507, 
    "runs": {
        "run_1": {
            "accuracy": 0.49056603773584906, 
            "average_error": 0.3129946459363844, 
            "learning_time": 19322.950927734375, 
            "nrmse": 0.2737067826708311
        }, 
        "run_2": {
            "accuracy": 0.4215686274509804, 
            "average_error": 0.31804171310086504, 
            "learning_time": 20070.080078125, 
            "nrmse": 0.2659637812112341
        }, 
        "run_3": {
            "accuracy": 0.4090909090909091, 
            "average_error": 0.31219299447842047, 
            "learning_time": 19455.97998046875, 
            "nrmse": 0.2564497751922864
        }, 
        "run_4": {
            "accuracy": 0.4716981132075472, 
            "average_error": 0.3147719415230317, 
            "learning_time": 19129.591796875, 
            "nrmse": 0.27206595246914744
        }, 
        "run_5": {
            "accuracy": 0.46, 
            "average_error": 0.3047413401677121, 
            "learning_time": 19665.174072265625, 
            "nrmse": 0.25768960820125447
        }
    }
}