{
    "average_accuracy": 0.41747745785172025, 
    "average_error": 0.3192280284958146, 
    "average_learning_time": 19.569328759765625, 
    "average_nrmse": 0.26656912576532155, 
    "runs": {
        "run_1": {
            "accuracy": 0.4122137404580153, 
            "average_error": 0.33325488055130287, 
            "learning_time": 20176.39208984375, 
            "nrmse": 0.2823486047531665
        }, 
        "run_2": {
            "accuracy": 0.34375, 
            "average_error": 0.3232754523891423, 
            "learning_time": 19428.522705078125, 
            "nrmse": 0.25668054286697073
        }, 
        "run_3": {
            "accuracy": 0.4186046511627907, 
            "average_error": 0.3121601147403082, 
            "learning_time": 19321.442138671875, 
            "nrmse": 0.258313067920928
        }, 
        "run_4": {
            "accuracy": 0.44881889763779526, 
            "average_error": 0.3130596894178832, 
            "learning_time": 19261.755859375, 
            "nrmse": 0.2654354068290189
        }, 
        "run_5": {
            "accuracy": 0.464, 
            "average_error": 0.3143900053804365, 
            "learning_time": 19658.531005859375, 
            "nrmse": 0.2700680064565238
        }
    }
}