{
    "average_accuracy": 0.7003439893439894, 
    "average_error": 0.25292157656267, 
    "average_learning_time": 19.368543261718752, 
    "average_nrmse": 0.24357468974400187, 
    "runs": {
        "run_1": {
            "accuracy": 0.7692307692307693, 
            "average_error": 0.2406675502869168, 
            "learning_time": 19207.307861328125, 
            "nrmse": 0.242647214190454
        }, 
        "run_2": {
            "accuracy": 0.7083333333333334, 
            "average_error": 0.2330695099776393, 
            "learning_time": 19333.66796875, 
            "nrmse": 0.22135007863983383
        }, 
        "run_3": {
            "accuracy": 0.7727272727272727, 
            "average_error": 0.2413106738297037, 
            "learning_time": 19242.369140625, 
            "nrmse": 0.24411826314109897
        }, 
        "run_4": {
            "accuracy": 0.68, 
            "average_error": 0.26844238833520745, 
            "learning_time": 19048.003173828125, 
            "nrmse": 0.25813086600224894
        }, 
        "run_5": {
            "accuracy": 0.5714285714285714, 
            "average_error": 0.28111776038388275, 
            "learning_time": 20011.3681640625, 
            "nrmse": 0.2516270267463736
        }
    }
}