{
    "average_accuracy": 0.35154202518719724,
    "average_error": 0.30775813259619533,
    "average_learning_time": 0.083884423828125,
    "average_nrmse": 0.2396181641528738,
    "runs": {
        "run_1": {
            "accuracy": 0.3333333333333333,
            "average_error": 0.31094125880928947,
            "learning_time": 88.46630859375,
            "nrmse": 0.23979617723781405
        },
        "run_2": {
            "accuracy": 0.2804878048780488,
            "average_error": 0.3245948654681476,
            "learning_time": 77.994140625,
            "nrmse": 0.2456113995373869
        },
        "run_3": {
            "accuracy": 0.3698630136986301,
            "average_error": 0.2977052265774566,
            "learning_time": 80.4853515625,
            "nrmse": 0.23121887463267393
        },
        "run_4": {
            "accuracy": 0.4025974025974026,
            "average_error": 0.30114749727803297,
            "learning_time": 78.989501953125,
            "nrmse": 0.24189647725312008
        },
        "run_5": {
            "accuracy": 0.37142857142857144,
            "average_error": 0.30440181484804985,
            "learning_time": 93.48681640625,
            "nrmse": 0.2395678921033741
        }
    }
}