{
    "average_accuracy": 0.55449876551781,
    "average_error": 0.27128909169629317,
    "average_learning_time": 71.16976225585937,
    "average_nrmse": 0.23644666313911372,
    "runs": {
        "run_1": {
            "accuracy": 0.6428571428571428,
            "average_error": 0.2664025512553507,
            "learning_time": 66642.125,
            "nrmse": 0.24825449007784933
        },
        "run_2": {
            "accuracy": 0.6219512195121951,
            "average_error": 0.2532585536067025,
            "learning_time": 65832.8466796875,
            "nrmse": 0.22830050823048204
        },
        "run_3": {
            "accuracy": 0.547945205479452,
            "average_error": 0.26825364172642646,
            "learning_time": 74249.54833984375,
            "nrmse": 0.23149341116760214
        },
        "run_4": {
            "accuracy": 0.5454545454545455,
            "average_error": 0.27054800552760966,
            "learning_time": 75061.67724609375,
            "nrmse": 0.23374851572404065
        },
        "run_5": {
            "accuracy": 0.41428571428571426,
            "average_error": 0.2979827063653764,
            "learning_time": 74062.61401367188,
            "nrmse": 0.24043639049559454
        }
    }
}