{
    "average_accuracy": 0.6327544198988767, 
    "average_error": 0.26166571234583, 
    "average_learning_time": 19.6652861328125, 
    "average_nrmse": 0.24054973879477143, 
    "runs": {
        "run_1": {
            "accuracy": 0.6909090909090909, 
            "average_error": 0.25814286285286514, 
            "learning_time": 20164.4208984375, 
            "nrmse": 0.24795325360525636
        }, 
        "run_2": {
            "accuracy": 0.6842105263157895, 
            "average_error": 0.23773779739343226, 
            "learning_time": 19891.10986328125, 
            "nrmse": 0.22212746213527662
        }, 
        "run_3": {
            "accuracy": 0.5319148936170213, 
            "average_error": 0.2729963180514519, 
            "learning_time": 19740.0400390625, 
            "nrmse": 0.23397856038514653
        }, 
        "run_4": {
            "accuracy": 0.723404255319149, 
            "average_error": 0.24906786809353124, 
            "learning_time": 19214.183837890625, 
            "nrmse": 0.24356229277606728
        }, 
        "run_5": {
            "accuracy": 0.5333333333333333, 
            "average_error": 0.29038371533786966, 
            "learning_time": 19316.676025390625, 
            "nrmse": 0.2551271250721102
        }
    }
}