{
    "average_accuracy": 0.3550931487325664,
    "average_error": 0.29945921109132645,
    "average_learning_time": 0.07577607421875,
    "average_nrmse": 0.230369683056105,
    "runs": {
        "run_1": {
            "accuracy": 0.34545454545454546,
            "average_error": 0.30896019450367895,
            "learning_time": 70.97705078125,
            "nrmse": 0.23984314249532385
        },
        "run_2": {
            "accuracy": 0.24561403508771928,
            "average_error": 0.3130972704200541,
            "learning_time": 99.96826171875,
            "nrmse": 0.2248395315216088
        },
        "run_3": {
            "accuracy": 0.44680851063829785,
            "average_error": 0.27426846374330643,
            "learning_time": 77.974853515625,
            "nrmse": 0.21848385861962732
        },
        "run_4": {
            "accuracy": 0.40425531914893614,
            "average_error": 0.2959394732378769,
            "learning_time": 76.473388671875,
            "nrmse": 0.2359784317152395
        },
        "run_5": {
            "accuracy": 0.3333333333333333,
            "average_error": 0.30503065355171594,
            "learning_time": 53.48681640625,
            "nrmse": 0.23270345092872574
        }
    }
}