{
    "average_accuracy": 0.6026337280984538,
    "average_error": 0.2554800463389025,
    "average_learning_time": 73.580530078125,
    "average_nrmse": 0.22710280122637375,
    "runs": {
        "run_1": {
            "accuracy": 0.6909090909090909,
            "average_error": 0.24988349615798874,
            "learning_time": 72677.22412109375,
            "nrmse": 0.23804201357140467
        },
        "run_2": {
            "accuracy": 0.5964912280701755,
            "average_error": 0.24873728817770782,
            "learning_time": 73816.90649414062,
            "nrmse": 0.2177829914272845
        },
        "run_3": {
            "accuracy": 0.5531914893617021,
            "average_error": 0.2568499425270731,
            "learning_time": 74885.6669921875,
            "nrmse": 0.21885822890482814
        },
        "run_4": {
            "accuracy": 0.6170212765957447,
            "average_error": 0.24946262642978492,
            "learning_time": 73553.537109375,
            "nrmse": 0.2227594070348909
        },
        "run_5": {
            "accuracy": 0.5555555555555556,
            "average_error": 0.27246687840195777,
            "learning_time": 72969.31567382812,
            "nrmse": 0.23807136519346045
        }
    }
}