{
    "average_accuracy": 0.3123067858288545,
    "average_learning_time": 0.067884130859375,
    "average_nrmse": 0.27078132005676936,
    "runs": {
        "run_1": {
            "accuracy": 0.4144736842105263,
            "learning_time": 45.91064453125,
            "nrmse": 0.2679527632854551
        },
        "run_2": {
            "accuracy": 0.2922077922077922,
            "learning_time": 90.30029296875,
            "nrmse": 0.25464494130741605
        },
        "run_3": {
            "accuracy": 0.3184713375796178,
            "learning_time": 88.42724609375,
            "nrmse": 0.28917972742972115
        },
        "run_4": {
            "accuracy": 0.2847682119205298,
            "learning_time": 79.1376953125,
            "nrmse": 0.27246725391535065
        },
        "run_5": {
            "accuracy": 0.25161290322580643,
            "learning_time": 35.644775390625,
            "nrmse": 0.26966191434590403
        }
    }
}