{
    "average_accuracy": 0.4780739918608953,
    "average_error": 0.28890755229182163,
    "average_learning_time": 73.88688486328124,
    "average_nrmse": 0.24230386112236507,
    "runs": {
        "run_1": {
            "accuracy": 0.5471698113207547,
            "average_error": 0.2780067550178384,
            "learning_time": 73654.32690429688,
            "nrmse": 0.24304206828555702
        },
        "run_2": {
            "accuracy": 0.5098039215686275,
            "average_error": 0.28088048346821065,
            "learning_time": 73697.54272460938,
            "nrmse": 0.23901736447557834
        },
        "run_3": {
            "accuracy": 0.4,
            "average_error": 0.3001976622557044,
            "learning_time": 74015.73046875,
            "nrmse": 0.24023719470684526
        },
        "run_4": {
            "accuracy": 0.44339622641509435,
            "average_error": 0.29435693506042276,
            "learning_time": 74135.24389648438,
            "nrmse": 0.2419075673555262
        },
        "run_5": {
            "accuracy": 0.49,
            "average_error": 0.29109592565693215,
            "learning_time": 73931.58032226562,
            "nrmse": 0.24731511078831855
        }
    }
}