{
    "average_accuracy": 0.6102105392669455,
    "average_error": 0.2707339062307276,
    "average_learning_time": 106.349,
    "average_nrmse": 0.24692279533026215,
    "runs": {
        "run_1": {
            "accuracy": 0.6132075471698113,
            "average_error": 0.26865229105564997,
            "learning_time": 106493,
            "nrmse": 0.24502425870074224
        },
        "run_2": {
            "accuracy": 0.6054643846924886,
            "average_error": 0.2740304165188739,
            "learning_time": 106691,
            "nrmse": 0.2499293767611464
        },
        "run_3": {
            "accuracy": 0.614423497011562,
            "average_error": 0.2678077355106676,
            "learning_time": 102473,
            "nrmse": 0.2442539820151135
        },
        "run_4": {
            "accuracy": 0.6104499695270722,
            "average_error": 0.2705676064814423,
            "learning_time": 107505,
            "nrmse": 0.2467711216831452
        },
        "run_5": {
            "accuracy": 0.610504305836659,
            "average_error": 0.27052986641192645,
            "learning_time": 108728,
            "nrmse": 0.24673670086164354
        }
    }
}