{
  "average_learning_time": 3116.1148,
  "average_test_LL": -798.6397192863602,
  "average_train_BIC": -7026.2896702488915,
  "folds": {
    "fold_1": {
      "test_LL": -710.3506540199099,
      "train_BIC": -7285.41645241596,
      "learning_time": 3803084
    },
    "fold_2": {
      "test_LL": -814.003320922363,
      "train_BIC": -6940.929501876569,
      "learning_time": 4031943
    },
    "fold_3": {
      "test_LL": -974.2741719922066,
      "train_BIC": -6471.972833854845,
      "learning_time": 2543768
    },
    "fold_4": {
      "test_LL": -667.3400524752334,
      "train_BIC": -7426.524039732867,
      "learning_time": 1323460
    },
    "fold_5": {
      "test_LL": -469.3957242178655,
      "train_BIC": -7227.496150190497,
      "learning_time": 5529283
    },
    "fold_6": {
      "test_LL": -870.7306658680923,
      "train_BIC": -6612.197864242124,
      "learning_time": 3704569
    },
    "fold_7": {
      "test_LL": -998.9868486059231,
      "train_BIC": -7006.947521738827,
      "learning_time": 2975301
    },
    "fold_8": {
      "test_LL": -821.9496063339518,
      "train_BIC": -7343.741178510142,
      "learning_time": 2055089
    },
    "fold_9": {
      "test_LL": -939.6782135806329,
      "train_BIC": -6926.675244261253,
      "learning_time": 2491340
    },
    "fold_10": {
      "test_LL": -719.6879348474233,
      "train_BIC": -7020.995915665828,
      "learning_time": 2703311
    }
  }
}