{
  "average_accuracy": 0.7792089249492901,
  "average_learning_time": 18.826,
  "runs": {
    "run_1": {
      "accuracy": 0.7890466531440162,
      "learning_time": 29123
    },
    "run_2": {
      "accuracy": 0.7870182555780934,
      "learning_time": 15951
    },
    "run_3": {
      "accuracy": 0.7743407707910751,
      "learning_time": 21200
    },
    "run_4": {
      "accuracy": 0.7641987829614605,
      "learning_time": 14983
    },
    "run_5": {
      "accuracy": 0.7814401622718052,
      "learning_time": 12873
    }
  }
}