{
    "average_learning_time": 0.24112465820312498,
    "average_accuracy": 0.8126903553299492,
    "runs": {
        "run_1": {
            "accuracy": 0.8096446700507615,
            "learning_time": 217.64794921875
        },
        "run_2": {
            "accuracy": 0.8299492385786802,
            "learning_time": 236.302490234375
        },
        "run_3": {
            "accuracy": 0.7842639593908629,
            "learning_time": 258.20703125
        },
        "run_4": {
            "accuracy": 0.8248730964467005,
            "learning_time": 222.527587890625
        },
        "run_5": {
            "accuracy": 0.8147208121827412,
            "learning_time": 270.938232421875
        }
    }
}