{
    "average_learning_time": 0.20276191406250002,
    "average_accuracy": 0.7501267962806424,
    "runs": {
        "run_1": {
            "accuracy": 0.7544378698224852,
            "learning_time": 97.166015625
        },
        "run_2": {
            "accuracy": 0.768385460693153,
            "learning_time": 218.698974609375
        },
        "run_3": {
            "accuracy": 0.7324598478444633,
            "learning_time": 213.744384765625
        },
        "run_4": {
            "accuracy": 0.7404902789518174,
            "learning_time": 232.28857421875
        },
        "run_5": {
            "accuracy": 0.7548605240912933,
            "learning_time": 251.91162109375
        }
    }
}