{
    "average_learning_time": 1.4612101074218748,
    "average_test_LL": -184.4520177851252,
    "folds": {
        "fold_1": {
            "learning_time": 1348.296630859375,
            "test_LL": -157.48026644852627
        },
        "fold_10": {
            "learning_time": 1374.913330078125,
            "test_LL": -162.0694965894543
        },
        "fold_2": {
            "learning_time": 1421.24755859375,
            "test_LL": -157.03568694401844
        },
        "fold_3": {
            "learning_time": 1455.2529296875,
            "test_LL": -157.51417843004012
        },
        "fold_4": {
            "learning_time": 1223.216064453125,
            "test_LL": -462.73934156076746
        },
        "fold_5": {
            "learning_time": 1233.72509765625,
            "test_LL": -167.75520232107226
        },
        "fold_6": {
            "learning_time": 1182.384521484375,
            "test_LL": -155.6065056673211
        },
        "fold_7": {
            "learning_time": 1466.15869140625,
            "test_LL": -154.15928090588454
        },
        "fold_8": {
            "learning_time": 1805.15283203125,
            "test_LL": -133.62605810861243
        },
        "fold_9": {
            "learning_time": 2101.75341796875,
            "test_LL": -136.53416087555516
        }
    }
}