{
    "average_learning_time": 11.223005590820312,
    "average_test_LL": -5943.212740480147,
    "folds": {
        "fold_1": {
            "learning_time": 13015.731201171875,
            "test_LL": -5905.6589417667565
        },
        "fold_10": {
            "learning_time": 9300.6181640625,
            "test_LL": -6151.458763634408
        },
        "fold_2": {
            "learning_time": 11329.044677734375,
            "test_LL": -5996.489332831486
        },
        "fold_3": {
            "learning_time": 12093.097900390625,
            "test_LL": -5779.917408679791
        },
        "fold_4": {
            "learning_time": 11606.217041015625,
            "test_LL": -6070.5085401734295
        },
        "fold_5": {
            "learning_time": 10729.15966796875,
            "test_LL": -5872.809008330989
        },
        "fold_6": {
            "learning_time": 10674.25,
            "test_LL": -5855.757387299431
        },
        "fold_7": {
            "learning_time": 11587.111328125,
            "test_LL": -5825.529774846842
        },
        "fold_8": {
            "learning_time": 10681.381591796875,
            "test_LL": -6051.8339127774725
        },
        "fold_9": {
            "learning_time": 11213.4443359375,
            "test_LL": -5922.16433446086
        }
    }
}