{
    "average_learning_time": 85.12461757812501,
    "average_test_LL": -8801.352226074268,
    "folds": {
        "fold_1": {
            "learning_time": 83031.25073242188,
            "test_LL": -10149.943278833525
        },
        "fold_10": {
            "learning_time": 80082.24267578125,
            "test_LL": -11531.17126175463
        },
        "fold_2": {
            "learning_time": 75861.52124023438,
            "test_LL": -2212.244886967819
        },
        "fold_3": {
            "learning_time": 88192.55981445312,
            "test_LL": -9741.99401763792
        },
        "fold_4": {
            "learning_time": 94291.88159179688,
            "test_LL": -10603.12230161868
        },
        "fold_5": {
            "learning_time": 89468.70727539062,
            "test_LL": -10533.580911251198
        },
        "fold_6": {
            "learning_time": 84824.08129882812,
            "test_LL": -9701.191988848033
        },
        "fold_7": {
            "learning_time": 83197.25341796875,
            "test_LL": -3059.873513089383
        },
        "fold_8": {
            "learning_time": 78522.86059570312,
            "test_LL": -10193.462284342724
        },
        "fold_9": {
            "learning_time": 93773.81713867188,
            "test_LL": -10286.937816398775
        }
    }
}