{
    "average_accuracy": 0.7395650062972898,
    "average_error": 0.23917555343252297,
    "average_learning_time": 0.034495263671875,
    "average_nrmse": 0.2320890733424606,
    "runs": {
        "run_1": {
            "accuracy": 0.7086614173228346,
            "average_error": 0.26372343438393625,
            "learning_time": 50.99267578125,
            "nrmse": 0.2545183849528599
        },
        "run_2": {
            "accuracy": 0.7321428571428571,
            "average_error": 0.23960774501032367,
            "learning_time": 36.996337890625,
            "nrmse": 0.23019127906138395
        },
        "run_3": {
            "accuracy": 0.7538461538461538,
            "average_error": 0.2315575962240527,
            "learning_time": 16.4990234375,
            "nrmse": 0.22669217958078822
        },
        "run_4": {
            "accuracy": 0.7333333333333333,
            "average_error": 0.23831154121907394,
            "learning_time": 47.48974609375,
            "nrmse": 0.22885983273654306
        },
        "run_5": {
            "accuracy": 0.7698412698412699,
            "average_error": 0.22267745032522834,
            "learning_time": 20.49853515625,
            "nrmse": 0.22018369038072774
        }
    }
}