{
    "average_accuracy": 0.7182860357257658,
    "average_error": 0.24182600359874123,
    "average_learning_time": 40.861807812500004,
    "average_nrmse": 0.22853001670691026,
    "runs": {
        "run_1": {
            "accuracy": 0.7424242424242424,
            "average_error": 0.23053030282183334,
            "learning_time": 35015.722900390625,
            "nrmse": 0.2215151512371919
        },
        "run_2": {
            "accuracy": 0.6964285714285715,
            "average_error": 0.24463801500331867,
            "learning_time": 37991.073486328125,
            "nrmse": 0.22499354381394873
        },
        "run_3": {
            "accuracy": 0.6909090909090909,
            "average_error": 0.24900837598611258,
            "learning_time": 38984.10595703125,
            "nrmse": 0.22898086495118042
        },
        "run_4": {
            "accuracy": 0.6911764705882353,
            "average_error": 0.24749850052716707,
            "learning_time": 44791.27734375,
            "nrmse": 0.2270568242323012
        },
        "run_5": {
            "accuracy": 0.7704918032786885,
            "average_error": 0.2374548236552746,
            "learning_time": 47526.859375,
            "nrmse": 0.24010369929992895
        }
    }
}