{
    "average_accuracy": 0.7407149983411228,
    "average_error": 0.23450568757836412,
    "average_learning_time": 62.675130029296874,
    "average_nrmse": 0.22624591621819307,
    "runs": {
        "run_1": {
            "accuracy": 0.7215909090909092,
            "average_error": 0.23610124111399716,
            "learning_time": 63446.861572265625,
            "nrmse": 0.2219986245156326
        },
        "run_2": {
            "accuracy": 0.72,
            "average_error": 0.23318543260564556,
            "learning_time": 61119.12744140625,
            "nrmse": 0.2175805768075274
        },
        "run_3": {
            "accuracy": 0.7593582887700535,
            "average_error": 0.2372265475625349,
            "learning_time": 61488.341796875,
            "nrmse": 0.2360881596733977
        },
        "run_4": {
            "accuracy": 0.7471910112359551,
            "average_error": 0.2346947964166719,
            "learning_time": 63648.232666015625,
            "nrmse": 0.2286567323008809
        },
        "run_5": {
            "accuracy": 0.7554347826086957,
            "average_error": 0.23132042019297114,
            "learning_time": 63673.086669921875,
            "nrmse": 0.22690548779352673
        }
    }
}