{
    "average_accuracy": 0.7259742832880873,
    "average_error": 0.24305383576777678,
    "average_learning_time": 0.03558837890625,
    "average_nrmse": 0.2327298754530648,
    "runs": {
        "run_1": {
            "accuracy": 0.6933333333333334,
            "average_error": 0.27154732091368394,
            "learning_time": 49.9833984375,
            "nrmse": 0.25984087232935643
        },
        "run_2": {
            "accuracy": 0.7410071942446043,
            "average_error": 0.22016643072221065,
            "learning_time": 11.9970703125,
            "nrmse": 0.207224305711149
        },
        "run_3": {
            "accuracy": 0.6855345911949685,
            "average_error": 0.26752525916218867,
            "learning_time": 52.982666015625,
            "nrmse": 0.25187854261457443
        },
        "run_4": {
            "accuracy": 0.7397260273972602,
            "average_error": 0.2322099840858009,
            "learning_time": 55.9814453125,
            "nrmse": 0.22285532124682128
        },
        "run_5": {
            "accuracy": 0.7702702702702703,
            "average_error": 0.22382018395499967,
            "learning_time": 6.997314453125,
            "nrmse": 0.221850335363423
        }
    }
}