{
    "average_accuracy": 0.7430278679520803,
    "average_error": 0.23615478952929866,
    "average_learning_time": 42.03851552734375,
    "average_nrmse": 0.22921567535642504,
    "runs": {
        "run_1": {
            "accuracy": 0.7524752475247525,
            "average_error": 0.22041986356941273,
            "learning_time": 41983.281982421875,
            "nrmse": 0.21138490060080115
        },
        "run_2": {
            "accuracy": 0.7058823529411764,
            "average_error": 0.24458079738125943,
            "learning_time": 41822.52294921875,
            "nrmse": 0.22806851415540474
        },
        "run_3": {
            "accuracy": 0.7526881720430108,
            "average_error": 0.23866127753435457,
            "learning_time": 42293.03271484375,
            "nrmse": 0.23577776072680967
        },
        "run_4": {
            "accuracy": 0.7263157894736842,
            "average_error": 0.245148173614608,
            "learning_time": 42272.36279296875,
            "nrmse": 0.23563616131070542
        },
        "run_5": {
            "accuracy": 0.7777777777777778,
            "average_error": 0.2319638355468587,
            "learning_time": 41821.377197265625,
            "nrmse": 0.2352110399884042
        }
    }
}