{
    "average_accuracy": 0.7491612106179035,
    "average_error": 0.23101133069970198,
    "average_learning_time": 37.174532812500004,
    "average_nrmse": 0.22440217780557042,
    "runs": {
        "run_1": {
            "accuracy": 0.7322834645669292,
            "average_error": 0.2247208811258819,
            "learning_time": 37231.585693359375,
            "nrmse": 0.21038899635681887
        },
        "run_2": {
            "accuracy": 0.7321428571428572,
            "average_error": 0.23026904060272196,
            "learning_time": 37351.8271484375,
            "nrmse": 0.21773967318458165
        },
        "run_3": {
            "accuracy": 0.7615384615384615,
            "average_error": 0.23204190085727522,
            "learning_time": 36963.005615234375,
            "nrmse": 0.22990202165585413
        },
        "run_4": {
            "accuracy": 0.75,
            "average_error": 0.2368966856174633,
            "learning_time": 37256.527587890625,
            "nrmse": 0.23252891415661772
        },
        "run_5": {
            "accuracy": 0.7698412698412699,
            "average_error": 0.23112814529516737,
            "learning_time": 37069.718017578125,
            "nrmse": 0.2314512836739798
        }
    }
}