{
  "average_accuracy": 0.7429028028139876,
  "average_nrmse": 0.21666339513441538,
  "average_error": 0.22677184564731462,
  "average_learning_time": 2.0E-4,
  "runs": {
    "run_1": {
      "accuracy": 0.7623762376237624,
      "nrmse": 0.20346388255765557,
      "average_error": 0.21200385251230108,
      "learning_time": 0
    },
    "run_2": {
      "accuracy": 0.7058823529411765,
      "nrmse": 0.21487242478703403,
      "average_error": 0.2346837303549814,
      "learning_time": 0
    },
    "run_3": {
      "accuracy": 0.7526881720430108,
      "nrmse": 0.22315597400946716,
      "average_error": 0.22919493749634767,
      "learning_time": 1
    },
    "run_4": {
      "accuracy": 0.7157894736842105,
      "nrmse": 0.2137921112135298,
      "average_error": 0.23139671498909473,
      "learning_time": 0
    },
    "run_5": {
      "accuracy": 0.7777777777777778,
      "nrmse": 0.22803258310439012,
      "average_error": 0.22657999288384814,
      "learning_time": 0
    }
  }
}