{
  "average_accuracy": 0.7154541488726639,
  "average_nrmse": 0.16167944530259054,
  "average_error": 0.2328159080844246,
  "average_learning_time": 0.4268,
  "runs": {
    "run_1": {
      "accuracy": 0.7575757575757576,
      "nrmse": 0.15223113852891157,
      "average_error": 0.21283719913497218,
      "learning_time": 377
    },
    "run_2": {
      "accuracy": 0.6964285714285714,
      "nrmse": 0.16246392746096533,
      "average_error": 0.23835678460382248,
      "learning_time": 450
    },
    "run_3": {
      "accuracy": 0.7090909090909091,
      "nrmse": 0.16631857412279316,
      "average_error": 0.23904584685006589,
      "learning_time": 428
    },
    "run_4": {
      "accuracy": 0.6764705882352942,
      "nrmse": 0.16295078009782543,
      "average_error": 0.2438331330390019,
      "learning_time": 423
    },
    "run_5": {
      "accuracy": 0.7377049180327869,
      "nrmse": 0.16443280630245724,
      "average_error": 0.2300065767942605,
      "learning_time": 456
    }
  }
}