{
    "average_accuracy": 0.7503695000172628,
    "average_error": 0.23398063366863525,
    "average_learning_time": 63.67976376953125,
    "average_nrmse": 0.22876401156393458,
    "runs": {
        "run_1": {
            "accuracy": 0.7333333333333334,
            "average_error": 0.23532110764520675,
            "learning_time": 63747.896240234375,
            "nrmse": 0.2248725879713868
        },
        "run_2": {
            "accuracy": 0.7338129496402878,
            "average_error": 0.2411406713343964,
            "learning_time": 63817.273193359375,
            "nrmse": 0.2327918783259578
        },
        "run_3": {
            "accuracy": 0.7610062893081762,
            "average_error": 0.2344578784098857,
            "learning_time": 62377.1787109375,
            "nrmse": 0.23294593431590627
        },
        "run_4": {
            "accuracy": 0.7534246575342466,
            "average_error": 0.22906195801769097,
            "learning_time": 64544.62939453125,
            "nrmse": 0.22322416320167016
        },
        "run_5": {
            "accuracy": 0.7702702702702703,
            "average_error": 0.2299215529359964,
            "learning_time": 63911.84130859375,
            "nrmse": 0.22998549400475196
        }
    }
}