{
    "average_accuracy": 0.7159601121169701,
    "average_error": 0.2479681622850214,
    "average_learning_time": 0.031794140625,
    "average_nrmse": 0.23594425375235187,
    "runs": {
        "run_1": {
            "accuracy": 0.7329545454545454,
            "average_error": 0.2518431127800482,
            "learning_time": 46.9921875,
            "nrmse": 0.24677566552491273
        },
        "run_2": {
            "accuracy": 0.7142857142857143,
            "average_error": 0.22950538751259086,
            "learning_time": 12.4990234375,
            "nrmse": 0.2107690881120259
        },
        "run_3": {
            "accuracy": 0.6524064171122995,
            "average_error": 0.28071564303377505,
            "learning_time": 46.489013671875,
            "nrmse": 0.25842299641579985
        },
        "run_4": {
            "accuracy": 0.7247191011235955,
            "average_error": 0.2547657577761021,
            "learning_time": 46.992431640625,
            "nrmse": 0.2479273774093346
        },
        "run_5": {
            "accuracy": 0.7554347826086957,
            "average_error": 0.22301091032259085,
            "learning_time": 5.998046875,
            "nrmse": 0.21582614129968636
        }
    }
}