{
  "average_accuracy": 0.7516273616524829,
  "average_nrmse": 0.21700010844687237,
  "average_error": 0.2248432409220335,
  "average_learning_time": 0.0,
  "runs": {
    "run_1": {
      "accuracy": 0.7333333333333333,
      "nrmse": 0.21258129407143278,
      "average_error": 0.22610263722024126,
      "learning_time": 0
    },
    "run_2": {
      "accuracy": 0.7338129496402878,
      "nrmse": 0.20721530473543834,
      "average_error": 0.2219582411415068,
      "learning_time": 0
    },
    "run_3": {
      "accuracy": 0.7672955974842768,
      "nrmse": 0.22584175964867892,
      "average_error": 0.22755742036544002,
      "learning_time": 0
    },
    "run_4": {
      "accuracy": 0.7534246575342466,
      "nrmse": 0.21751599133859234,
      "average_error": 0.2247808291203826,
      "learning_time": 0
    },
    "run_5": {
      "accuracy": 0.7702702702702703,
      "nrmse": 0.22184619244021933,
      "average_error": 0.22381707676259693,
      "learning_time": 0
    }
  }
}