{
    "average_accuracy": 0.7347456403485151,
    "average_error": 0.235546168582543,
    "average_learning_time": 0.030794677734375,
    "average_nrmse": 0.22564343822622895,
    "runs": {
        "run_1": {
            "accuracy": 0.7425742574257426,
            "average_error": 0.2526183678505834,
            "learning_time": 47.994873046875,
            "nrmse": 0.2510159096093587
        },
        "run_2": {
            "accuracy": 0.7176470588235294,
            "average_error": 0.2314865209941133,
            "learning_time": 16.498291015625,
            "nrmse": 0.2145310475999942
        },
        "run_3": {
            "accuracy": 0.7526881720430108,
            "average_error": 0.22873319550790147,
            "learning_time": 30.4951171875,
            "nrmse": 0.2225403180248722
        },
        "run_4": {
            "accuracy": 0.7052631578947368,
            "average_error": 0.23468247871276643,
            "learning_time": 33.488037109375,
            "nrmse": 0.21466435758193417
        },
        "run_5": {
            "accuracy": 0.7555555555555555,
            "average_error": 0.2302102798473502,
            "learning_time": 25.4970703125,
            "nrmse": 0.22546555831498546
        }
    }
}