{
    "average_accuracy": 0.7118177852363001,
    "average_error": 0.23446578608921081,
    "average_learning_time": 0.021392919921875,
    "average_nrmse": 0.21656030986438118,
    "runs": {
        "run_1": {
            "accuracy": 0.7575757575757576,
            "average_error": 0.21731593214432665,
            "learning_time": 21.9931640625,
            "nrmse": 0.20894649538435472
        },
        "run_2": {
            "accuracy": 0.6964285714285714,
            "average_error": 0.23782434770486072,
            "learning_time": 23.9921875,
            "nrmse": 0.21590865408267143
        },
        "run_3": {
            "accuracy": 0.6909090909090909,
            "average_error": 0.24397611370805525,
            "learning_time": 22.992431640625,
            "nrmse": 0.22227118191377063
        },
        "run_4": {
            "accuracy": 0.6764705882352942,
            "average_error": 0.24289216755585247,
            "learning_time": 21.992431640625,
            "nrmse": 0.21601308615290135
        },
        "run_5": {
            "accuracy": 0.7377049180327869,
            "average_error": 0.23032036933295902,
            "learning_time": 15.994384765625,
            "nrmse": 0.21966213178820762
        }
    }
}