{
    "average_learning_time": 0.07870751953125,
    "average_test_LL": 154.67078989834167,
    "folds": {
        "fold_1": {
            "learning_time": 62.639404296875,
            "test_LL": 169.53037469491224
        },
        "fold_10": {
            "learning_time": 108.677001953125,
            "test_LL": 147.50810812319165
        },
        "fold_2": {
            "learning_time": 85.676513671875,
            "test_LL": 183.19987955587087
        },
        "fold_3": {
            "learning_time": 63.05859375,
            "test_LL": 118.39216505322716
        },
        "fold_4": {
            "learning_time": 64.258544921875,
            "test_LL": 159.14133409929732
        },
        "fold_5": {
            "learning_time": 81.607666015625,
            "test_LL": 132.8706714043127
        },
        "fold_6": {
            "learning_time": 74.248291015625,
            "test_LL": 170.20633292144214
        },
        "fold_7": {
            "learning_time": 114.1044921875,
            "test_LL": 124.42204169181208
        },
        "fold_8": {
            "learning_time": 81.6748046875,
            "test_LL": 177.0055530318024
        },
        "fold_9": {
            "learning_time": 51.1298828125,
            "test_LL": 164.43143840754803
        }
    }
}