{
    "average_learning_time": 0.0203878173828125,
    "average_test_LL": -392.07129025142723,
    "folds": {
        "fold_1": {
            "learning_time": 19.83203125,
            "test_LL": -383.9237950103172
        },
        "fold_10": {
            "learning_time": 25.075439453125,
            "test_LL": -476.3135421184972
        },
        "fold_2": {
            "learning_time": 19.80712890625,
            "test_LL": -368.73232843104694
        },
        "fold_3": {
            "learning_time": 19.7080078125,
            "test_LL": -367.21511608978864
        },
        "fold_4": {
            "learning_time": 20.53955078125,
            "test_LL": -385.6003477552608
        },
        "fold_5": {
            "learning_time": 19.73291015625,
            "test_LL": -384.1976668271694
        },
        "fold_6": {
            "learning_time": 19.638916015625,
            "test_LL": -389.73907820319545
        },
        "fold_7": {
            "learning_time": 19.685302734375,
            "test_LL": -402.25199693335105
        },
        "fold_8": {
            "learning_time": 19.861572265625,
            "test_LL": -371.820387340616
        },
        "fold_9": {
            "learning_time": 19.997314453125,
            "test_LL": -390.91864380502983
        }
    }
}