{
    "average_learning_time": 91.95288349609375,
    "average_test_LL": -8758.614428595636,
    "folds": {
        "fold_1": {
            "learning_time": 108865.4912109375,
            "test_LL": -3860.537453943663
        },
        "fold_10": {
            "learning_time": 101619.6787109375,
            "test_LL": -9162.128561688014
        },
        "fold_2": {
            "learning_time": 92695.32397460938,
            "test_LL": -10018.822448978917
        },
        "fold_3": {
            "learning_time": 82234.66284179688,
            "test_LL": -12857.23993052302
        },
        "fold_4": {
            "learning_time": 84246.43237304688,
            "test_LL": -9193.604735563584
        },
        "fold_5": {
            "learning_time": 83288.84399414062,
            "test_LL": -10119.98096756871
        },
        "fold_6": {
            "learning_time": 85383.51123046875,
            "test_LL": -9553.263971131397
        },
        "fold_7": {
            "learning_time": 85352.74267578125,
            "test_LL": -5139.333350515242
        },
        "fold_8": {
            "learning_time": 92730.05419921875,
            "test_LL": -8138.302565512202
        },
        "fold_9": {
            "learning_time": 103112.09375,
            "test_LL": -9542.930300531618
        }
    }
}