{
    "average_learning_time": 0.07551650390624999,
    "average_test_LL": 360.4717737542562,
    "folds": {
        "fold_1": {
            "learning_time": 58.877685546875,
            "test_LL": 271.5872959136616
        },
        "fold_10": {
            "learning_time": 69.492919921875,
            "test_LL": 412.36186794784635
        },
        "fold_2": {
            "learning_time": 59.564208984375,
            "test_LL": 311.63224990803786
        },
        "fold_3": {
            "learning_time": 65.31005859375,
            "test_LL": 281.8549803723502
        },
        "fold_4": {
            "learning_time": 87.677490234375,
            "test_LL": 273.29093063544394
        },
        "fold_5": {
            "learning_time": 97.64306640625,
            "test_LL": 389.9276181405781
        },
        "fold_6": {
            "learning_time": 102.079833984375,
            "test_LL": 406.69925990389106
        },
        "fold_7": {
            "learning_time": 87.61083984375,
            "test_LL": 409.88446144166517
        },
        "fold_8": {
            "learning_time": 67.728759765625,
            "test_LL": 446.15075303118533
        },
        "fold_9": {
            "learning_time": 59.18017578125,
            "test_LL": 401.3283202479025
        }
    }
}