{
  "average_accuracy": 0.5381468110709988,
  "average_learning_time": 80.37060000000001,
  "runs": {
    "run_1": {
      "accuracy": 0.5439229843561973,
      "learning_time": 4547
    },
    "run_2": {
      "accuracy": 0.5439229843561973,
      "learning_time": 9529
    },
    "run_3": {
      "accuracy": 0.53309265944645,
      "learning_time": 138708
    },
    "run_4": {
      "accuracy": 0.5336943441636582,
      "learning_time": 9564
    },
    "run_5": {
      "accuracy": 0.5361010830324909,
      "learning_time": 239505
    }
  }
}