{
    "average_learning_time": 0.119267529296875,
    "average_accuracy": 0.5055956678700361,
    "runs": {
        "run_1": {
            "accuracy": 0.4936823104693141,
            "learning_time": 121.0244140625
        },
        "run_2": {
            "accuracy": 0.4936823104693141,
            "learning_time": 93.696533203125
        },
        "run_3": {
            "accuracy": 0.5090252707581228,
            "learning_time": 127.85595703125
        },
        "run_4": {
            "accuracy": 0.5117328519855595,
            "learning_time": 96.624267578125
        },
        "run_5": {
            "accuracy": 0.51985559566787,
            "learning_time": 157.136474609375
        }
    }
}