{
    "average_accuracy": 0.56815641641076,
    "average_learning_time": 54.10244370117188,
    "runs": {
        "run_1": {
            "accuracy": 0.5570005051802269,
            "learning_time": 55414.747802734375
        },
        "run_2": {
            "accuracy": 0.6078682892310798,
            "learning_time": 54478.685546875
        },
        "run_3": {
            "accuracy": 0.5448089516391621,
            "learning_time": 52032.41064453125
        },
        "run_4": {
            "accuracy": 0.5546736442146953,
            "learning_time": 54930.73388671875
        },
        "run_5": {
            "accuracy": 0.5764306917886358,
            "learning_time": 53655.640625
        }
    }
}