{
  "average_accuracy": 0.5402527075812275,
  "average_learning_time": 0.0,
  "runs": {
    "run_1": {
      "accuracy": 0.5406137184115524,
      "learning_time": 0
    },
    "run_2": {
      "accuracy": 0.5424187725631769,
      "learning_time": 0
    },
    "run_3": {
      "accuracy": 0.546028880866426,
      "learning_time": 0
    },
    "run_4": {
      "accuracy": 0.5370036101083032,
      "learning_time": 0
    },
    "run_5": {
      "accuracy": 0.5351985559566786,
      "learning_time": 0
    }
  }
}