{
  "average_accuracy": 0.5474368231046932,
  "average_learning_time": 63.2532,
  "runs": {
    "run_1": {
      "accuracy": 0.5768953068592058,
      "learning_time": 46991
    },
    "run_2": {
      "accuracy": 0.5328519855595668,
      "learning_time": 4514
    },
    "run_3": {
      "accuracy": 0.5451263537906137,
      "learning_time": 41173
    },
    "run_4": {
      "accuracy": 0.540072202166065,
      "learning_time": 8291
    },
    "run_5": {
      "accuracy": 0.5422382671480145,
      "learning_time": 215297
    }
  }
}