{
  "average_accuracy": 0.5494584837545127,
  "average_learning_time": 0.003,
  "runs": {
    "run_1": {
      "accuracy": 0.5234657039711191,
      "learning_time": 3
    },
    "run_2": {
      "accuracy": 0.5523465703971119,
      "learning_time": 4
    },
    "run_3": {
      "accuracy": 0.5306859205776173,
      "learning_time": 3
    },
    "run_4": {
      "accuracy": 0.592057761732852,
      "learning_time": 2
    },
    "run_5": {
      "accuracy": 0.5487364620938628,
      "learning_time": 3
    }
  }
}