{
    "average_accuracy": 0.8010011813583242,
    "average_error": 0.11559729765168184,
    "average_learning_time": 0.44051513671875,
    "average_nrmse": 0.1118063194248639,
    "runs": {
        "run_1": {
            "accuracy": 0.797979797979798,
            "average_error": 0.115712993309413,
            "learning_time": 471.895751953125,
            "nrmse": 0.11178993836801349
        },
        "run_2": {
            "accuracy": 0.7802197802197802,
            "average_error": 0.11693382518646107,
            "learning_time": 410.39453125,
            "nrmse": 0.11225898906856294
        },
        "run_3": {
            "accuracy": 0.8163265306122449,
            "average_error": 0.11512719790173173,
            "learning_time": 429.427490234375,
            "nrmse": 0.11201145828873066
        },
        "run_4": {
            "accuracy": 0.8125,
            "average_error": 0.12023966339428585,
            "learning_time": 447.437744140625,
            "nrmse": 0.1171823753667534
        },
        "run_5": {
            "accuracy": 0.797979797979798,
            "average_error": 0.10997280846651744,
            "learning_time": 443.420166015625,
            "nrmse": 0.10578883603225905
        }
    }
}