{
    "average_accuracy": 0.8357404226604175,
    "average_error": 0.09439591670259886,
    "average_learning_time": 0.42160380859374996,
    "average_nrmse": 0.09122029576455416,
    "runs": {
        "run_1": {
            "accuracy": 0.847457627118644,
            "average_error": 0.09011344649632695,
            "learning_time": 443.864013671875,
            "nrmse": 0.08727576802428018
        },
        "run_2": {
            "accuracy": 0.8461538461538461,
            "average_error": 0.09346120739534872,
            "learning_time": 455.92529296875,
            "nrmse": 0.0907164371021303
        },
        "run_3": {
            "accuracy": 0.8382352941176471,
            "average_error": 0.09275340663330375,
            "learning_time": 312.8974609375,
            "nrmse": 0.08961652939471061
        },
        "run_4": {
            "accuracy": 0.8166666666666667,
            "average_error": 0.1000048472655521,
            "learning_time": 436.91943359375,
            "nrmse": 0.0962171888079257
        },
        "run_5": {
            "accuracy": 0.8301886792452831,
            "average_error": 0.09564667572246285,
            "learning_time": 458.412841796875,
            "nrmse": 0.09227555549372402
        }
    }
}