{
    "average_accuracy": 0.7955395542210958,
    "average_error": 0.12943410712051928,
    "average_learning_time": 0.36431298828125,
    "average_nrmse": 0.1260238189996836,
    "runs": {
        "run_1": {
            "accuracy": 0.8235294117647058,
            "average_error": 0.13192093603097463,
            "learning_time": 361.421630859375,
            "nrmse": 0.1298959518398692
        },
        "run_2": {
            "accuracy": 0.7657657657657657,
            "average_error": 0.1295481926222844,
            "learning_time": 415.866455078125,
            "nrmse": 0.12478973618537759
        },
        "run_3": {
            "accuracy": 0.811965811965812,
            "average_error": 0.12341797082996815,
            "learning_time": 336.429931640625,
            "nrmse": 0.12048087004795817
        },
        "run_4": {
            "accuracy": 0.7931034482758621,
            "average_error": 0.13027892819271938,
            "learning_time": 340.428955078125,
            "nrmse": 0.12679630894129126
        },
        "run_5": {
            "accuracy": 0.7833333333333333,
            "average_error": 0.13200450792664986,
            "learning_time": 367.41796875,
            "nrmse": 0.12815622798392182
        }
    }
}