{
    "average_accuracy": 0.8359771379668685,
    "average_error": 0.10255904103303018,
    "average_learning_time": 0.38326865234374996,
    "average_nrmse": 0.09976523098757101,
    "runs": {
        "run_1": {
            "accuracy": 0.8170731707317073,
            "average_error": 0.10170262176132812,
            "learning_time": 380.878173828125,
            "nrmse": 0.09801061232919336
        },
        "run_2": {
            "accuracy": 0.8552631578947368,
            "average_error": 0.09892994830420232,
            "learning_time": 389.862548828125,
            "nrmse": 0.09684781676779046
        },
        "run_3": {
            "accuracy": 0.8690476190476191,
            "average_error": 0.0950737495279572,
            "learning_time": 367.8642578125,
            "nrmse": 0.09344290264502884
        },
        "run_4": {
            "accuracy": 0.8170731707317073,
            "average_error": 0.11421372066608615,
            "learning_time": 396.85986328125,
            "nrmse": 0.11109039754780402
        },
        "run_5": {
            "accuracy": 0.8214285714285714,
            "average_error": 0.10287516490557704,
            "learning_time": 380.87841796875,
            "nrmse": 0.09943442564803834
        }
    }
}