{
    "average_accuracy": 0.7926165104736533,
    "average_error": 0.1283086547413185,
    "average_learning_time": 243.9157705078125,
    "average_nrmse": 0.12471434406927176,
    "runs": {
        "run_1": {
            "accuracy": 0.7777777777777778,
            "average_error": 0.1270200503488885,
            "learning_time": 243635.5361328125,
            "nrmse": 0.12269267890010059
        },
        "run_2": {
            "accuracy": 0.7692307692307692,
            "average_error": 0.12863727230416772,
            "learning_time": 243145.279296875,
            "nrmse": 0.12399491055575576
        },
        "run_3": {
            "accuracy": 0.8163265306122449,
            "average_error": 0.12612777108223822,
            "learning_time": 246189.5341796875,
            "nrmse": 0.12351205752289655
        },
        "run_4": {
            "accuracy": 0.7916666666666667,
            "average_error": 0.13044419124743523,
            "learning_time": 244940.75317382812,
            "nrmse": 0.1269037756980762
        },
        "run_5": {
            "accuracy": 0.8080808080808081,
            "average_error": 0.12931398872386285,
            "learning_time": 241667.74975585938,
            "nrmse": 0.1264682976695297
        }
    }
}