{
    "average_accuracy": 0.875021645021645,
    "average_error": 0.07535447646937232,
    "average_learning_time": 0.254310888671875,
    "average_nrmse": 0.07309884562805494,
    "runs": {
        "run_1": {
            "accuracy": 0.9523809523809523,
            "average_error": 0.07297709654666941,
            "learning_time": 304.90283203125,
            "nrmse": 0.07412973513428857
        },
        "run_2": {
            "accuracy": 0.9,
            "average_error": 0.08039308463311835,
            "learning_time": 231.925537109375,
            "nrmse": 0.079501861207351
        },
        "run_3": {
            "accuracy": 0.7727272727272727,
            "average_error": 0.07879787910198192,
            "learning_time": 304.889892578125,
            "nrmse": 0.07204902236694805
        },
        "run_4": {
            "accuracy": 0.875,
            "average_error": 0.06927601109013425,
            "learning_time": 183.927734375,
            "nrmse": 0.06674310250332216
        },
        "run_5": {
            "accuracy": 0.875,
            "average_error": 0.0753283109749577,
            "learning_time": 245.908447265625,
            "nrmse": 0.07307050692836486
        }
    }
}