{
    "average_accuracy": 0.8182498930252461,
    "average_error": 0.12130388464064465,
    "average_learning_time": 167.80050625,
    "average_nrmse": 0.11855632908000333,
    "runs": {
        "run_1": {
            "accuracy": 0.7804878048780488,
            "average_error": 0.11857019522920774,
            "learning_time": 165888.43823242188,
            "nrmse": 0.1139819225068103
        },
        "run_2": {
            "accuracy": 0.8026315789473684,
            "average_error": 0.12275017199013673,
            "learning_time": 166998.8759765625,
            "nrmse": 0.11935843339638695
        },
        "run_3": {
            "accuracy": 0.8571428571428572,
            "average_error": 0.11557346881464761,
            "learning_time": 168908.34155273438,
            "nrmse": 0.114333301812716
        },
        "run_4": {
            "accuracy": 0.8414634146341463,
            "average_error": 0.12382768858329435,
            "learning_time": 169605.90795898438,
            "nrmse": 0.1222500114568144
        },
        "run_5": {
            "accuracy": 0.8095238095238095,
            "average_error": 0.12579789858593687,
            "learning_time": 167600.96752929688,
            "nrmse": 0.122857976227289
        }
    }
}