{
  "average_accuracy": 0.7852194322926029,
  "average_nrmse": 0.176281933746037,
  "average_error": 0.17795578739653092,
  "average_learning_time": 0.001,
  "runs": {
    "run_1": {
      "accuracy": 0.85,
      "nrmse": 0.17451237237634903,
      "average_error": 0.17344661705563819,
      "learning_time": 1
    },
    "run_2": {
      "accuracy": 0.7272727272727273,
      "nrmse": 0.1772268920967947,
      "average_error": 0.1813790825589894,
      "learning_time": 1
    },
    "run_3": {
      "accuracy": 0.7317073170731707,
      "nrmse": 0.1765055022253522,
      "average_error": 0.18049624921237295,
      "learning_time": 1
    },
    "run_4": {
      "accuracy": 0.7837837837837838,
      "nrmse": 0.18206509456087605,
      "average_error": 0.18354992593719519,
      "learning_time": 1
    },
    "run_5": {
      "accuracy": 0.8333333333333334,
      "nrmse": 0.17109980747081308,
      "average_error": 0.1709070622184589,
      "learning_time": 1
    }
  }
}