{
    "average_accuracy": 0.8184631083411571,
    "average_error": 0.11179846631543247,
    "average_learning_time": 184.23675458984374,
    "average_nrmse": 0.10862853789073199,
    "runs": {
        "run_1": {
            "accuracy": 0.825,
            "average_error": 0.11171705753297406,
            "learning_time": 183764.4794921875,
            "nrmse": 0.10884056014810924
        },
        "run_2": {
            "accuracy": 0.7878787878787878,
            "average_error": 0.11441446154728313,
            "learning_time": 183498.23828125,
            "nrmse": 0.10997324561210454
        },
        "run_3": {
            "accuracy": 0.7804878048780488,
            "average_error": 0.11071038928904751,
            "learning_time": 183731.7451171875,
            "nrmse": 0.10576485266027916
        },
        "run_4": {
            "accuracy": 0.8378378378378378,
            "average_error": 0.11627837469458231,
            "learning_time": 185999.4111328125,
            "nrmse": 0.11419274799151052
        },
        "run_5": {
            "accuracy": 0.8611111111111112,
            "average_error": 0.10587204851327535,
            "learning_time": 184189.89892578125,
            "nrmse": 0.10437128304165655
        }
    }
}