{
    "average_accuracy": 0.8421970518053966,
    "average_error": 0.11665911125153638,
    "average_learning_time": 188.9389698730469,
    "average_nrmse": 0.1147889368450333,
    "runs": {
        "run_1": {
            "accuracy": 0.8135593220338984,
            "average_error": 0.11605882461190005,
            "learning_time": 192261.044921875,
            "nrmse": 0.11285964945943633
        },
        "run_2": {
            "accuracy": 0.8076923076923077,
            "average_error": 0.11634317245261686,
            "learning_time": 191868.533203125,
            "nrmse": 0.11289023973193159
        },
        "run_3": {
            "accuracy": 0.8529411764705883,
            "average_error": 0.1140783961425805,
            "learning_time": 192397.54931640625,
            "nrmse": 0.11257928580681544
        },
        "run_4": {
            "accuracy": 0.85,
            "average_error": 0.11981400332999032,
            "learning_time": 193374.47094726562,
            "nrmse": 0.11844191257226261
        },
        "run_5": {
            "accuracy": 0.8867924528301887,
            "average_error": 0.11700115972059412,
            "learning_time": 174793.2509765625,
            "nrmse": 0.11717359665472062
        }
    }
}