{
    "average_accuracy": 0.7866165879451884,
    "average_error": 0.13420643529287785,
    "average_learning_time": 281.166215234375,
    "average_nrmse": 0.13060748180369908,
    "runs": {
        "run_1": {
            "accuracy": 0.7899159663865547,
            "average_error": 0.13174547508961112,
            "learning_time": 278142.287109375,
            "nrmse": 0.12818463152034595
        },
        "run_2": {
            "accuracy": 0.7387387387387387,
            "average_error": 0.13523443224249,
            "learning_time": 279667.8408203125,
            "nrmse": 0.129505940014364
        },
        "run_3": {
            "accuracy": 0.7863247863247863,
            "average_error": 0.13425737075573485,
            "learning_time": 279445.5012207031,
            "nrmse": 0.13064746880484945
        },
        "run_4": {
            "accuracy": 0.7931034482758621,
            "average_error": 0.13774705825242772,
            "learning_time": 283904.78662109375,
            "nrmse": 0.13460389945825907
        },
        "run_5": {
            "accuracy": 0.825,
            "average_error": 0.13204784012412563,
            "learning_time": 284670.6604003906,
            "nrmse": 0.1300954692206768
        }
    }
}