{
    "average_accuracy": 0.9029645475029235,
    "average_error": 0.10298724047100552,
    "average_learning_time": 0.053383154296875,
    "average_nrmse": 0.10447518746448776,
    "runs": {
        "run_1": {
            "accuracy": 0.9354838709677419,
            "average_error": 0.10726529731253591,
            "learning_time": 51.983154296875,
            "nrmse": 0.11795258938260539
        },
        "run_2": {
            "accuracy": 0.8461538461538461,
            "average_error": 0.11867114220413492,
            "learning_time": 54.982666015625,
            "nrmse": 0.1098773892936302
        },
        "run_3": {
            "accuracy": 0.8666666666666667,
            "average_error": 0.09728653032757709,
            "learning_time": 52.98291015625,
            "nrmse": 0.08827482957613801
        },
        "run_4": {
            "accuracy": 0.9354838709677419,
            "average_error": 0.0808577427010582,
            "learning_time": 52.983642578125,
            "nrmse": 0.08494314611825822
        },
        "run_5": {
            "accuracy": 0.9310344827586207,
            "average_error": 0.11085548980972153,
            "learning_time": 53.9833984375,
            "nrmse": 0.12132798295180708
        }
    }
}