{
    "average_accuracy": 0.8895212630506748,
    "average_error": 0.12111592983551231,
    "average_learning_time": 47.5325744140625,
    "average_nrmse": 0.12377522805705912,
    "runs": {
        "run_1": {
            "accuracy": 0.9285714285714286,
            "average_error": 0.110217072442867,
            "learning_time": 47195.786865234375,
            "nrmse": 0.1199141976964409
        },
        "run_2": {
            "accuracy": 0.9166666666666666,
            "average_error": 0.11753447424359867,
            "learning_time": 49099.54638671875,
            "nrmse": 0.126084759471165
        },
        "run_3": {
            "accuracy": 0.9090909090909091,
            "average_error": 0.10429328064432883,
            "learning_time": 48676.115966796875,
            "nrmse": 0.10763932807813831
        },
        "run_4": {
            "accuracy": 0.9285714285714286,
            "average_error": 0.10895872981434633,
            "learning_time": 48232.441650390625,
            "nrmse": 0.11834126941079007
        },
        "run_5": {
            "accuracy": 0.7647058823529412,
            "average_error": 0.16457609203242074,
            "learning_time": 44458.981201171875,
            "nrmse": 0.14689658562876123
        }
    }
}