{
    "average_accuracy": 0.8884126984126984,
    "average_error": 0.11650755966715005,
    "average_learning_time": 0.060380712890625,
    "average_nrmse": 0.11773762418711217,
    "runs": {
        "run_1": {
            "accuracy": 0.8666666666666667,
            "average_error": 0.12766569958900567,
            "learning_time": 58.981201171875,
            "nrmse": 0.12624879115292376
        },
        "run_2": {
            "accuracy": 0.8809523809523809,
            "average_error": 0.11924774041420125,
            "learning_time": 60.979736328125,
            "nrmse": 0.1192977707558468
        },
        "run_3": {
            "accuracy": 0.8666666666666667,
            "average_error": 0.11019341491894108,
            "learning_time": 58.9814453125,
            "nrmse": 0.10440843531534302
        },
        "run_4": {
            "accuracy": 0.9166666666666666,
            "average_error": 0.10999673045009525,
            "learning_time": 65.979736328125,
            "nrmse": 0.11666257972928573
        },
        "run_5": {
            "accuracy": 0.9111111111111111,
            "average_error": 0.115434212963507,
            "learning_time": 56.9814453125,
            "nrmse": 0.12207054398216152
        }
    }
}