{
    "average_accuracy": 0.751666404591556,
    "average_error": 0.18879513583964158,
    "average_learning_time": 62.26647314453125,
    "average_nrmse": 0.17391052094744097,
    "runs": {
        "run_1": {
            "accuracy": 0.75,
            "average_error": 0.19516023436816482,
            "learning_time": 64962.531494140625,
            "nrmse": 0.18145029296020604
        },
        "run_2": {
            "accuracy": 0.7285714285714286,
            "average_error": 0.1944376715523962,
            "learning_time": 61901.53857421875,
            "nrmse": 0.1751899465833524
        },
        "run_3": {
            "accuracy": 0.725,
            "average_error": 0.18309763631698808,
            "learning_time": 60860.59521484375,
            "nrmse": 0.1601220453962351
        },
        "run_4": {
            "accuracy": 0.782608695652174,
            "average_error": 0.17981016767603078,
            "learning_time": 61604.205810546875,
            "nrmse": 0.17041488350808195
        },
        "run_5": {
            "accuracy": 0.7721518987341772,
            "average_error": 0.19146996928462812,
            "learning_time": 62003.49462890625,
            "nrmse": 0.18237543628932945
        }
    }
}