{
    "average_accuracy": 0.8260714285714286,
    "average_error": 0.14873220108408425,
    "average_learning_time": 46.813043164062506,
    "average_nrmse": 0.14243310849796245,
    "runs": {
        "run_1": {
            "accuracy": 0.8666666666666667,
            "average_error": 0.15374204173812878,
            "learning_time": 46390.33056640625,
            "nrmse": 0.15884421883932764
        },
        "run_2": {
            "accuracy": 0.8095238095238095,
            "average_error": 0.15352990031238897,
            "learning_time": 46578.5546875,
            "nrmse": 0.1442933277714386
        },
        "run_3": {
            "accuracy": 0.8444444444444444,
            "average_error": 0.12129360866391706,
            "learning_time": 46565.881591796875,
            "nrmse": 0.11272812194100743
        },
        "run_4": {
            "accuracy": 0.8541666666666666,
            "average_error": 0.14498684755876232,
            "learning_time": 46345.44287109375,
            "nrmse": 0.14477522611511956
        },
        "run_5": {
            "accuracy": 0.7555555555555555,
            "average_error": 0.17010860714722406,
            "learning_time": 48185.006103515625,
            "nrmse": 0.15152464782291897
        }
    }
}