{
    "average_accuracy": 0.6105273031633789,
    "average_error": 0.23021706899030575,
    "average_learning_time": 69.99753154296874,
    "average_nrmse": 0.190403162028727,
    "runs": {
        "run_1": {
            "accuracy": 0.6781609195402298,
            "average_error": 0.21867500876838136,
            "learning_time": 71325.396484375,
            "nrmse": 0.19288399084553418
        },
        "run_2": {
            "accuracy": 0.625,
            "average_error": 0.22037196295013714,
            "learning_time": 69345.15478515625,
            "nrmse": 0.18171495368767146
        },
        "run_3": {
            "accuracy": 0.5591397849462367,
            "average_error": 0.2290625441770912,
            "learning_time": 68710.39965820312,
            "nrmse": 0.17611312645792318
        },
        "run_4": {
            "accuracy": 0.6265060240963856,
            "average_error": 0.2342907355773689,
            "learning_time": 70490.67822265625,
            "nrmse": 0.19948992549580752
        },
        "run_5": {
            "accuracy": 0.5638297872340425,
            "average_error": 0.24868509347855036,
            "learning_time": 70116.02856445312,
            "nrmse": 0.2018138136566986
        }
    }
}