{
    "average_accuracy": 0.6109962960475392,
    "average_error": 0.23848047786767207,
    "average_learning_time": 0.051286865234375,
    "average_nrmse": 0.2008496713464749,
    "runs": {
        "run_1": {
            "accuracy": 0.6206896551724138,
            "average_error": 0.23381012817288402,
            "learning_time": 51.487060546875,
            "nrmse": 0.1974350740092085
        },
        "run_2": {
            "accuracy": 0.5795454545454546,
            "average_error": 0.27569794093843514,
            "learning_time": 50.487548828125,
            "nrmse": 0.23950878980940757
        },
        "run_3": {
            "accuracy": 0.5268817204301075,
            "average_error": 0.24493825042646433,
            "learning_time": 51.982177734375,
            "nrmse": 0.1878932431406073
        },
        "run_4": {
            "accuracy": 0.7108433734939759,
            "average_error": 0.21257324640723807,
            "learning_time": 51.4873046875,
            "nrmse": 0.19342740138254155
        },
        "run_5": {
            "accuracy": 0.6170212765957447,
            "average_error": 0.22538282339333876,
            "learning_time": 50.990234375,
            "nrmse": 0.18598384839060966
        }
    }
}