{
    "average_accuracy": 0.8346470437237956,
    "average_error": 0.1373131497202355,
    "average_learning_time": 49.4736349609375,
    "average_nrmse": 0.13030319808124333,
    "runs": {
        "run_1": {
            "accuracy": 0.8709677419354839,
            "average_error": 0.12913981497182364,
            "learning_time": 49901.654296875,
            "nrmse": 0.12916670419865053
        },
        "run_2": {
            "accuracy": 0.7692307692307692,
            "average_error": 0.15373320877351118,
            "learning_time": 50010.51416015625,
            "nrmse": 0.13447420327458126
        },
        "run_3": {
            "accuracy": 0.8,
            "average_error": 0.1374126911714622,
            "learning_time": 50493.40283203125,
            "nrmse": 0.12176586396432773
        },
        "run_4": {
            "accuracy": 0.8709677419354839,
            "average_error": 0.12569476544551758,
            "learning_time": 49877.204833984375,
            "nrmse": 0.12486039229076795
        },
        "run_5": {
            "accuracy": 0.8620689655172413,
            "average_error": 0.14058526823886303,
            "learning_time": 47085.398681640625,
            "nrmse": 0.14124882667788913
        }
    }
}