{
    "average_learning_time": 15.892891894531251,
    "average_test_LL": -2125.031998545235,
    "folds": {
        "fold_1": {
            "learning_time": 16488.847412109375,
            "test_LL": -856.1396141806358
        },
        "fold_10": {
            "learning_time": 13368.937255859375,
            "test_LL": -3305.434505494061
        },
        "fold_2": {
            "learning_time": 16586.968505859375,
            "test_LL": -2379.791945524865
        },
        "fold_3": {
            "learning_time": 17729.648193359375,
            "test_LL": -1786.7307104270824
        },
        "fold_4": {
            "learning_time": 16896.01806640625,
            "test_LL": -2691.549474343366
        },
        "fold_5": {
            "learning_time": 12766.157958984375,
            "test_LL": -2644.986356062758
        },
        "fold_6": {
            "learning_time": 19227.552734375,
            "test_LL": -2489.620511756564
        },
        "fold_7": {
            "learning_time": 16372.591064453125,
            "test_LL": -2247.7043878868963
        },
        "fold_8": {
            "learning_time": 17976.077392578125,
            "test_LL": -1521.7627430376424
        },
        "fold_9": {
            "learning_time": 11516.120361328125,
            "test_LL": -1326.5997367384791
        }
    }
}