{
    "average_learning_time": 3.613515625,
    "average_test_LL": -174.26597864566781,
    "folds": {
        "fold_1": {
            "learning_time": 3292.201416015625,
            "test_LL": -144.32413393486024
        },
        "fold_10": {
            "learning_time": 3802.80419921875,
            "test_LL": -189.81922632071004
        },
        "fold_2": {
            "learning_time": 3210.915771484375,
            "test_LL": -166.05876485446962
        },
        "fold_3": {
            "learning_time": 3973.36376953125,
            "test_LL": -186.1185951484215
        },
        "fold_4": {
            "learning_time": 3881.08203125,
            "test_LL": -186.91576534286153
        },
        "fold_5": {
            "learning_time": 3692.059814453125,
            "test_LL": -154.88444421043567
        },
        "fold_6": {
            "learning_time": 3381.49658203125,
            "test_LL": -152.45229956015717
        },
        "fold_7": {
            "learning_time": 4228.196533203125,
            "test_LL": -175.32697789565324
        },
        "fold_8": {
            "learning_time": 2992.68701171875,
            "test_LL": -178.31840052695014
        },
        "fold_9": {
            "learning_time": 3680.34912109375,
            "test_LL": -208.44117866215896
        }
    }
}