{
    "average_learning_time": 0.02436455078125,
    "average_test_LL": -682.3243079560286,
    "folds": {
        "fold_1": {
            "learning_time": 24.041259765625,
            "test_LL": -868.7284574235007
        },
        "fold_10": {
            "learning_time": 26.93603515625,
            "test_LL": -412.5575843843903
        },
        "fold_2": {
            "learning_time": 23.59130859375,
            "test_LL": -939.9539670191936
        },
        "fold_3": {
            "learning_time": 23.284912109375,
            "test_LL": -749.5376251195919
        },
        "fold_4": {
            "learning_time": 23.921630859375,
            "test_LL": -618.4899669667075
        },
        "fold_5": {
            "learning_time": 23.712158203125,
            "test_LL": -624.1502625397794
        },
        "fold_6": {
            "learning_time": 23.6513671875,
            "test_LL": -915.9794126265966
        },
        "fold_7": {
            "learning_time": 25.685546875,
            "test_LL": -805.1521431559127
        },
        "fold_8": {
            "learning_time": 23.679931640625,
            "test_LL": -467.7351994007253
        },
        "fold_9": {
            "learning_time": 25.141357421875,
            "test_LL": -420.95846092389013
        }
    }
}