{
    "average_learning_time": 75.98463754882812,
    "average_test_LL": -4142.365651916899,
    "folds": {
        "fold_1": {
            "learning_time": 52281.270751953125,
            "test_LL": -2179.0021131136136
        },
        "fold_10": {
            "learning_time": 75175.0087890625,
            "test_LL": -4540.532346213048
        },
        "fold_2": {
            "learning_time": 66646.51196289062,
            "test_LL": -2491.9442010574903
        },
        "fold_3": {
            "learning_time": 79961.53344726562,
            "test_LL": -4092.9198252756964
        },
        "fold_4": {
            "learning_time": 80477.705078125,
            "test_LL": -4266.8858013371155
        },
        "fold_5": {
            "learning_time": 84602.26025390625,
            "test_LL": -4827.301368379895
        },
        "fold_6": {
            "learning_time": 82071.10473632812,
            "test_LL": -5459.482296619335
        },
        "fold_7": {
            "learning_time": 76270.01049804688,
            "test_LL": -4291.807726670128
        },
        "fold_8": {
            "learning_time": 81661.677734375,
            "test_LL": -4745.944213754132
        },
        "fold_9": {
            "learning_time": 80699.29223632812,
            "test_LL": -4527.8366267485335
        }
    }
}