{
    "average_learning_time": 5.279398974609375,
    "average_test_LL": -483.0971869511973,
    "folds": {
        "fold_1": {
            "learning_time": 5979.880126953125,
            "test_LL": -548.7111726368927
        },
        "fold_10": {
            "learning_time": 6066.1650390625,
            "test_LL": -548.3316091662331
        },
        "fold_2": {
            "learning_time": 6041.59033203125,
            "test_LL": -451.6095574536484
        },
        "fold_3": {
            "learning_time": 5846.8623046875,
            "test_LL": -523.1194871345034
        },
        "fold_4": {
            "learning_time": 6482.48486328125,
            "test_LL": -441.13771872125074
        },
        "fold_5": {
            "learning_time": 5509.843994140625,
            "test_LL": -438.86527063506645
        },
        "fold_6": {
            "learning_time": 5077.875732421875,
            "test_LL": -483.2943577850581
        },
        "fold_7": {
            "learning_time": 5014.84619140625,
            "test_LL": -435.7541118679926
        },
        "fold_8": {
            "learning_time": 6033.58740234375,
            "test_LL": -506.692574951511
        },
        "fold_9": {
            "learning_time": 740.853759765625,
            "test_LL": -453.45600915981686
        }
    }
}