{
  "average_learning_time": 7.174300000000001,
  "average_test_LL": -1742.2662526143226,
  "average_train_BIC": -12789.352194695146,
  "folds": {
    "fold_1": {
      "test_LL": -1856.1376264406538,
      "train_BIC": -12642.163296527935,
      "learning_time": 5391
    },
    "fold_2": {
      "test_LL": -1761.5959621316003,
      "train_BIC": -12841.029983846423,
      "learning_time": 7903
    },
    "fold_3": {
      "test_LL": -1584.7380751593378,
      "train_BIC": -12856.321395768819,
      "learning_time": 7589
    },
    "fold_4": {
      "test_LL": -1758.3404710035813,
      "train_BIC": -12842.76104172341,
      "learning_time": 7581
    },
    "fold_5": {
      "test_LL": -1711.658386972346,
      "train_BIC": -12837.548054387722,
      "learning_time": 7614
    },
    "fold_6": {
      "test_LL": -1791.0740486451434,
      "train_BIC": -12829.221075606252,
      "learning_time": 7494
    },
    "fold_7": {
      "test_LL": -1743.439748149903,
      "train_BIC": -12835.641420844802,
      "learning_time": 7403
    },
    "fold_8": {
      "test_LL": -1612.5827002274239,
      "train_BIC": -12830.829506255615,
      "learning_time": 7666
    },
    "fold_9": {
      "test_LL": -1731.314005878793,
      "train_BIC": -12840.06687597884,
      "learning_time": 7809
    },
    "fold_10": {
      "test_LL": -1871.7815015344452,
      "train_BIC": -12537.939296011657,
      "learning_time": 5293
    }
  }
}