{
    "average_learning_time": 8.999187841796875,
    "average_test_LL": -1013.5267395129898,
    "folds": {
        "fold_1": {
            "learning_time": 10896.84814453125,
            "test_LL": -1042.9323509841172
        },
        "fold_10": {
            "learning_time": 5756.668212890625,
            "test_LL": -1015.8229848603955
        },
        "fold_2": {
            "learning_time": 8972.637451171875,
            "test_LL": -1029.6234688884256
        },
        "fold_3": {
            "learning_time": 8985.586669921875,
            "test_LL": -1010.7398047379363
        },
        "fold_4": {
            "learning_time": 9828.83447265625,
            "test_LL": -1013.1105115110158
        },
        "fold_5": {
            "learning_time": 9373.263427734375,
            "test_LL": -990.4679702678909
        },
        "fold_6": {
            "learning_time": 8640.15283203125,
            "test_LL": -984.1887224759208
        },
        "fold_7": {
            "learning_time": 10875.165771484375,
            "test_LL": -1002.8373035793194
        },
        "fold_8": {
            "learning_time": 9003.0283203125,
            "test_LL": -1031.942892447282
        },
        "fold_9": {
            "learning_time": 7659.693115234375,
            "test_LL": -1013.6013853775939
        }
    }
}