{
    "average_accuracy": 0.6962505239419324,
    "average_error": 0.11930840535851676,
    "average_learning_time": 0.189348876953125,
    "average_nrmse": 0.10393831613355417,
    "runs": {
        "run_1": {
            "accuracy": 0.7777777777777778,
            "average_error": 0.12049385358148411,
            "learning_time": 195.9248046875,
            "nrmse": 0.11201648952808925
        },
        "run_2": {
            "accuracy": 0.6610169491525424,
            "average_error": 0.12401438091067492,
            "learning_time": 176.947509765625,
            "nrmse": 0.10610032508260969
        },
        "run_3": {
            "accuracy": 0.7413793103448276,
            "average_error": 0.10895228497094143,
            "learning_time": 187.96923828125,
            "nrmse": 0.09647991791392219
        },
        "run_4": {
            "accuracy": 0.6909090909090909,
            "average_error": 0.11912055134680749,
            "learning_time": 195.96435546875,
            "nrmse": 0.10328968820146568
        },
        "run_5": {
            "accuracy": 0.6101694915254238,
            "average_error": 0.12396095598267584,
            "learning_time": 189.9384765625,
            "nrmse": 0.10180515994168414
        }
    }
}