{
    "average_accuracy": 0.6990376642083961,
    "average_error": 0.1565729200310972,
    "average_learning_time": 96.30068842773437,
    "average_nrmse": 0.14454046871772167,
    "runs": {
        "run_1": {
            "accuracy": 0.7037037037037037,
            "average_error": 0.15803020063057155,
            "learning_time": 96253.68481445312,
            "nrmse": 0.1465080259917612
        },
        "run_2": {
            "accuracy": 0.6883116883116883,
            "average_error": 0.15584923602093323,
            "learning_time": 96540.11303710938,
            "nrmse": 0.14286264638198504
        },
        "run_3": {
            "accuracy": 0.7073170731707317,
            "average_error": 0.1540228033135573,
            "learning_time": 95541.90844726562,
            "nrmse": 0.1424677930205814
        },
        "run_4": {
            "accuracy": 0.7066666666666668,
            "average_error": 0.15535959978319436,
            "learning_time": 96561.27490234375,
            "nrmse": 0.14386178865401614
        },
        "run_5": {
            "accuracy": 0.6891891891891893,
            "average_error": 0.15960276040722962,
            "learning_time": 96606.4609375,
            "nrmse": 0.14700208954026453
        }
    }
}