{
    "average_accuracy": 0.6298817267013697,
    "average_error": 0.1715525660858654,
    "average_learning_time": 0.099277197265625,
    "average_nrmse": 0.15500542381813495,
    "runs": {
        "run_1": {
            "accuracy": 0.5966386554621849,
            "average_error": 0.17429212330002533,
            "learning_time": 106.966064453125,
            "nrmse": 0.1552030215302095
        },
        "run_2": {
            "accuracy": 0.6869565217391305,
            "average_error": 0.1653600370424197,
            "learning_time": 65.978515625,
            "nrmse": 0.15305308360754885
        },
        "run_3": {
            "accuracy": 0.6495726495726496,
            "average_error": 0.17154660017355197,
            "learning_time": 96.990966796875,
            "nrmse": 0.15663987098573545
        },
        "run_4": {
            "accuracy": 0.7024793388429752,
            "average_error": 0.17079815126568823,
            "learning_time": 160.46533203125,
            "nrmse": 0.16023794210807682
        },
        "run_5": {
            "accuracy": 0.5137614678899083,
            "average_error": 0.1757659186476417,
            "learning_time": 65.985107421875,
            "nrmse": 0.1498932008591042
        }
    }
}