{
    "average_accuracy": 0.6951736861334001,
    "average_error": 0.16833935835900324,
    "average_learning_time": 142.85304775390625,
    "average_nrmse": 0.15696544540003682,
    "runs": {
        "run_1": {
            "accuracy": 0.6601941747572815,
            "average_error": 0.1665541874060922,
            "learning_time": 141065.373046875,
            "nrmse": 0.1521165509197067
        },
        "run_2": {
            "accuracy": 0.6732673267326732,
            "average_error": 0.17329607826785182,
            "learning_time": 143117.28881835938,
            "nrmse": 0.1605096953512289
        },
        "run_3": {
            "accuracy": 0.7157894736842105,
            "average_error": 0.17050654696469345,
            "learning_time": 142434.0322265625,
            "nrmse": 0.1610312153521021
        },
        "run_4": {
            "accuracy": 0.7021276595744681,
            "average_error": 0.16642461489356122,
            "learning_time": 143917.52661132812,
            "nrmse": 0.155470637765897
        },
        "run_5": {
            "accuracy": 0.7244897959183674,
            "average_error": 0.16491536426281744,
            "learning_time": 143731.01806640625,
            "nrmse": 0.15569912761124952
        }
    }
}