{
    "average_accuracy": 0.6465859422932594,
    "average_error": 0.13443619207658095,
    "average_learning_time": 0.125756396484375,
    "average_nrmse": 0.11618803660740099,
    "runs": {
        "run_1": {
            "accuracy": 0.6666666666666666,
            "average_error": 0.1361987836187342,
            "learning_time": 164.933837890625,
            "nrmse": 0.11977090447585094
        },
        "run_2": {
            "accuracy": 0.6103896103896104,
            "average_error": 0.13782799289061834,
            "learning_time": 164.946044921875,
            "nrmse": 0.11684612649730408
        },
        "run_3": {
            "accuracy": 0.573170731707317,
            "average_error": 0.1348905990710036,
            "learning_time": 85.971435546875,
            "nrmse": 0.11056237663586366
        },
        "run_4": {
            "accuracy": 0.68,
            "average_error": 0.1329295016250631,
            "learning_time": 145.952880859375,
            "nrmse": 0.11734029342715169
        },
        "run_5": {
            "accuracy": 0.7027027027027027,
            "average_error": 0.13033408317748557,
            "learning_time": 66.977783203125,
            "nrmse": 0.1164204820008346
        }
    }
}