{
  "average_accuracy": 0.7199793375012544,
  "average_nrmse": 0.0922651491329287,
  "average_error": 0.11380520009437065,
  "average_learning_time": 3.1071999999999997,
  "runs": {
    "run_1": {
      "accuracy": 0.7777777777777778,
      "nrmse": 0.09616963100174863,
      "average_error": 0.11326364809576574,
      "learning_time": 2883
    },
    "run_2": {
      "accuracy": 0.6610169491525424,
      "nrmse": 0.09791250535126846,
      "average_error": 0.12398812464722674,
      "learning_time": 3371
    },
    "run_3": {
      "accuracy": 0.7413793103448276,
      "nrmse": 0.08612688920983559,
      "average_error": 0.10602078841407961,
      "learning_time": 2653
    },
    "run_4": {
      "accuracy": 0.6909090909090909,
      "nrmse": 0.091293472759709,
      "average_error": 0.11506969653593278,
      "learning_time": 3302
    },
    "run_5": {
      "accuracy": 0.7288135593220338,
      "nrmse": 0.08982324734208184,
      "average_error": 0.11068374277884846,
      "learning_time": 3327
    }
  }
}