{
    "average_accuracy": 0.7165310616391855,
    "average_error": 0.14657848165990897,
    "average_learning_time": 99.10774624023438,
    "average_nrmse": 0.1351709436015002,
    "runs": {
        "run_1": {
            "accuracy": 0.7777777777777778,
            "average_error": 0.1466535676618853,
            "learning_time": 99203.84399414062,
            "nrmse": 0.14035617978185724
        },
        "run_2": {
            "accuracy": 0.6610169491525424,
            "average_error": 0.1507396851884174,
            "learning_time": 99239.21801757812,
            "nrmse": 0.13505273805016405
        },
        "run_3": {
            "accuracy": 0.7241379310344828,
            "average_error": 0.1446988359468993,
            "learning_time": 98803.23803710938,
            "nrmse": 0.13376856652868116
        },
        "run_4": {
            "accuracy": 0.6909090909090909,
            "average_error": 0.14667642771770104,
            "learning_time": 98429.0908203125,
            "nrmse": 0.13314188760326703
        },
        "run_5": {
            "accuracy": 0.728813559322034,
            "average_error": 0.1441238917846418,
            "learning_time": 99863.34033203125,
            "nrmse": 0.13353534604353143
        }
    }
}