{
    "average_accuracy": 0.6309301808067529,
    "average_error": 0.1559492131838748,
    "average_learning_time": 0.100761865234375,
    "average_nrmse": 0.13818916268309378,
    "runs": {
        "run_1": {
            "accuracy": 0.5922330097087378,
            "average_error": 0.15654141802919613,
            "learning_time": 75.956298828125,
            "nrmse": 0.13560595367402398
        },
        "run_2": {
            "accuracy": 0.5841584158415841,
            "average_error": 0.15741180093295185,
            "learning_time": 90.4365234375,
            "nrmse": 0.13587598566416317
        },
        "run_3": {
            "accuracy": 0.7578947368421053,
            "average_error": 0.1499343855640716,
            "learning_time": 153.47607421875,
            "nrmse": 0.14225347909791966
        },
        "run_4": {
            "accuracy": 0.648936170212766,
            "average_error": 0.15802550467025772,
            "learning_time": 79.97412109375,
            "nrmse": 0.14193897757717636
        },
        "run_5": {
            "accuracy": 0.5714285714285714,
            "average_error": 0.15783295672289668,
            "learning_time": 103.96630859375,
            "nrmse": 0.13527141740218568
        }
    }
}