{
    "average_accuracy": 0.7148333780041097,
    "average_error": 0.13821966684170772,
    "average_learning_time": 98.6038453125,
    "average_nrmse": 0.12597408724552583,
    "runs": {
        "run_1": {
            "accuracy": 0.75,
            "average_error": 0.14371041120764963,
            "learning_time": 97528.95092773438,
            "nrmse": 0.13485294547495377
        },
        "run_2": {
            "accuracy": 0.6904761904761905,
            "average_error": 0.13781993275615967,
            "learning_time": 99222.64453125,
            "nrmse": 0.1235112763588555
        },
        "run_3": {
            "accuracy": 0.7692307692307692,
            "average_error": 0.12723591273583662,
            "learning_time": 99573.18310546875,
            "nrmse": 0.11860813623305377
        },
        "run_4": {
            "accuracy": 0.657142857142857,
            "average_error": 0.13999172082866276,
            "learning_time": 98616.00537109375,
            "nrmse": 0.12308626899295609
        },
        "run_5": {
            "accuracy": 0.7073170731707317,
            "average_error": 0.14234035668022996,
            "learning_time": 98078.44262695312,
            "nrmse": 0.12981180916781007
        }
    }
}