{
    "average_accuracy": 0.7195952827660145,
    "average_error": 0.09686192170529737,
    "average_learning_time": 0.165744580078125,
    "average_nrmse": 0.08156668874457337,
    "runs": {
        "run_1": {
            "accuracy": 0.75,
            "average_error": 0.09369715180784667,
            "learning_time": 163.93408203125,
            "nrmse": 0.08067191445850055
        },
        "run_2": {
            "accuracy": 0.7142857142857143,
            "average_error": 0.09384720333384193,
            "learning_time": 163.9482421875,
            "nrmse": 0.07785827980213827
        },
        "run_3": {
            "accuracy": 0.7692307692307693,
            "average_error": 0.08769168428687164,
            "learning_time": 160.94921875,
            "nrmse": 0.07576855541334172
        },
        "run_4": {
            "accuracy": 0.6571428571428571,
            "average_error": 0.10141182188670786,
            "learning_time": 168.94580078125,
            "nrmse": 0.08129137847250495
        },
        "run_5": {
            "accuracy": 0.7073170731707317,
            "average_error": 0.10766174721121882,
            "learning_time": 170.945556640625,
            "nrmse": 0.09224331557638137
        }
    }
}