{
    "average_accuracy": 0.6934920634920635,
    "average_error": 0.12881304133706858,
    "average_learning_time": 104.0578669921875,
    "average_nrmse": 0.11400513340616295,
    "runs": {
        "run_1": {
            "accuracy": 0.8666666666666667,
            "average_error": 0.12316638633426981,
            "learning_time": 102763.88696289062,
            "nrmse": 0.12231914075101452
        },
        "run_2": {
            "accuracy": 0.7333333333333334,
            "average_error": 0.12102050009334717,
            "learning_time": 103981.8828125,
            "nrmse": 0.10888331954557055
        },
        "run_3": {
            "accuracy": 0.7619047619047619,
            "average_error": 0.11850826669595717,
            "learning_time": 107009.50708007812,
            "nrmse": 0.1085426857460171
        },
        "run_4": {
            "accuracy": 0.55,
            "average_error": 0.13564092533681463,
            "learning_time": 106114.30249023438,
            "nrmse": 0.10944433578154918
        },
        "run_5": {
            "accuracy": 0.5555555555555556,
            "average_error": 0.14572912822495418,
            "learning_time": 100419.75561523438,
            "nrmse": 0.12083618520666334
        }
    }
}