{
    "average_accuracy": 0.6934920634920635,
    "average_error": 0.07457651146336927,
    "average_learning_time": 0.17054179687499998,
    "average_nrmse": 0.05524889270965533,
    "runs": {
        "run_1": {
            "accuracy": 0.8666666666666667,
            "average_error": 0.06285803003591585,
            "learning_time": 170.927490234375,
            "nrmse": 0.0569850880944644
        },
        "run_2": {
            "accuracy": 0.7333333333333333,
            "average_error": 0.06392651854536077,
            "learning_time": 169.946044921875,
            "nrmse": 0.047031506201918614
        },
        "run_3": {
            "accuracy": 0.7619047619047619,
            "average_error": 0.07641112036823469,
            "learning_time": 167.9462890625,
            "nrmse": 0.0629374438909844
        },
        "run_4": {
            "accuracy": 0.55,
            "average_error": 0.07954821171961314,
            "learning_time": 170.9453125,
            "nrmse": 0.04867722936291424
        },
        "run_5": {
            "accuracy": 0.5555555555555556,
            "average_error": 0.09013867664772184,
            "learning_time": 172.94384765625,
            "nrmse": 0.060613195997994966
        }
    }
}