{
    "average_accuracy": 0.6608014798898506,
    "average_error": 0.179716189384447,
    "average_learning_time": 169.86246406249998,
    "average_nrmse": 0.16642599515730513,
    "runs": {
        "run_1": {
            "accuracy": 0.5714285714285714,
            "average_error": 0.18394707776885394,
            "learning_time": 167202.57690429688,
            "nrmse": 0.16356171520197274
        },
        "run_2": {
            "accuracy": 0.6956521739130435,
            "average_error": 0.17897926030656425,
            "learning_time": 179718.41259765625,
            "nrmse": 0.16853187982486487
        },
        "run_3": {
            "accuracy": 0.717948717948718,
            "average_error": 0.1736257969551191,
            "learning_time": 167681.75927734375,
            "nrmse": 0.16459033986377217
        },
        "run_4": {
            "accuracy": 0.6859504132231404,
            "average_error": 0.1780272965341857,
            "learning_time": 168294.58227539062,
            "nrmse": 0.16669210568062956
        },
        "run_5": {
            "accuracy": 0.6330275229357798,
            "average_error": 0.18400151535751202,
            "learning_time": 166414.9892578125,
            "nrmse": 0.16875393521528634
        }
    }
}