{
    "average_learning_time": 9.72056298828125,
    "average_test_LL": -1078.4595631635427,
    "folds": {
        "fold_1": {
            "learning_time": 7786.97412109375,
            "test_LL": -1207.1590249752605
        },
        "fold_10": {
            "learning_time": 8088.511474609375,
            "test_LL": -1182.0390482792995
        },
        "fold_2": {
            "learning_time": 9625.055419921875,
            "test_LL": -1034.4713689169241
        },
        "fold_3": {
            "learning_time": 10949.17236328125,
            "test_LL": -944.1870106450085
        },
        "fold_4": {
            "learning_time": 12893.593017578125,
            "test_LL": -1070.3770900323361
        },
        "fold_5": {
            "learning_time": 11242.08740234375,
            "test_LL": -1076.7663472624672
        },
        "fold_6": {
            "learning_time": 9744.681396484375,
            "test_LL": -1039.2026866598824
        },
        "fold_7": {
            "learning_time": 10472.1044921875,
            "test_LL": -1185.1026033318628
        },
        "fold_8": {
            "learning_time": 7731.677490234375,
            "test_LL": -1000.5855348837526
        },
        "fold_9": {
            "learning_time": 8671.772705078125,
            "test_LL": -1044.7049166486343
        }
    }
}