{
    "average_accuracy": 0.6431153087892996,
    "average_learning_time": 38.47403452148438,
    "runs": {
        "run_1": {
            "accuracy": 0.6478039512995424,
            "learning_time": 35498.3662109375
        },
        "run_2": {
            "accuracy": 0.6485783997006284,
            "learning_time": 38759.234375
        },
        "run_3": {
            "accuracy": 0.6183497738900738,
            "learning_time": 39926.44921875
        },
        "run_4": {
            "accuracy": 0.6643540429480839,
            "learning_time": 39332.6884765625
        },
        "run_5": {
            "accuracy": 0.6364903761081694,
            "learning_time": 38853.434326171875
        }
    }
}