{
    "average_learning_time": 0.036702001953125,
    "average_accuracy": 0.32224,
    "runs": {
        "run_1": {
            "accuracy": 0.3264,
            "learning_time": 40.9921875
        },
        "run_2": {
            "accuracy": 0.3344,
            "learning_time": 37.087890625
        },
        "run_3": {
            "accuracy": 0.3232,
            "learning_time": 32.229248046875
        },
        "run_4": {
            "accuracy": 0.3136,
            "learning_time": 40.01611328125
        },
        "run_5": {
            "accuracy": 0.3136,
            "learning_time": 33.1845703125
        }
    }
}