{
  "average_accuracy": 0.2298335467349552,
  "average_learning_time": 0.5794,
  "runs": {
    "run_1": {
      "accuracy": 0.2266325224071703,
      "learning_time": 577
    },
    "run_2": {
      "accuracy": 0.2323943661971831,
      "learning_time": 575
    },
    "run_3": {
      "accuracy": 0.23047375160051217,
      "learning_time": 576
    },
    "run_4": {
      "accuracy": 0.2266325224071703,
      "learning_time": 585
    },
    "run_5": {
      "accuracy": 0.2330345710627401,
      "learning_time": 584
    }
  }
}