{
    "average_accuracy": 0.5984962318031251,
    "average_learning_time": 38.979617822265624,
    "runs": {
        "run_1": {
            "accuracy": 0.5675183297328388,
            "learning_time": 38556.23974609375
        },
        "run_2": {
            "accuracy": 0.6269402864284652,
            "learning_time": 39554.324462890625
        },
        "run_3": {
            "accuracy": 0.5550281521217462,
            "learning_time": 36684.5791015625
        },
        "run_4": {
            "accuracy": 0.5743847389236871,
            "learning_time": 39573.812255859375
        },
        "run_5": {
            "accuracy": 0.668609651808888,
            "learning_time": 40529.133544921875
        }
    }
}