{
    "average_learning_time": 0.057974267578125,
    "average_accuracy": 0.29802666666666666,
    "runs": {
        "run_1": {
            "accuracy": 0.2949333333333333,
            "learning_time": 53.678466796875
        },
        "run_2": {
            "accuracy": 0.30293333333333333,
            "learning_time": 60.51171875
        },
        "run_3": {
            "accuracy": 0.29333333333333333,
            "learning_time": 65.391845703125
        },
        "run_4": {
            "accuracy": 0.296,
            "learning_time": 61.488525390625
        },
        "run_5": {
            "accuracy": 0.30293333333333333,
            "learning_time": 48.80078125
        }
    }
}