{
    "average_learning_time": 0.038635498046875,
    "average_test_LL": -561.5672985434521,
    "folds": {
        "fold_1": {
            "learning_time": 50.794189453125,
            "test_LL": -561.3396666558798
        },
        "fold_10": {
            "learning_time": 46.911865234375,
            "test_LL": -617.3866620810769
        },
        "fold_2": {
            "learning_time": 63.515869140625,
            "test_LL": -517.6472717858368
        },
        "fold_3": {
            "learning_time": 31.658447265625,
            "test_LL": -579.1504812073672
        },
        "fold_4": {
            "learning_time": 34.104248046875,
            "test_LL": -545.7533634101511
        },
        "fold_5": {
            "learning_time": 31.138916015625,
            "test_LL": -573.972941234428
        },
        "fold_6": {
            "learning_time": 31.91357421875,
            "test_LL": -564.3479093829981
        },
        "fold_7": {
            "learning_time": 31.332763671875,
            "test_LL": -515.3243733229721
        },
        "fold_8": {
            "learning_time": 31.139404296875,
            "test_LL": -576.0821402399274
        },
        "fold_9": {
            "learning_time": 33.845703125,
            "test_LL": -564.6681761138844
        }
    }
}