{
    "average_learning_time": 5.3618375,
    "average_test_LL": -1544.2506651641636,
    "folds": {
        "fold_1": {
            "learning_time": 6083.565185546875,
            "test_LL": -1544.251755386494
        },
        "fold_10": {
            "learning_time": 7494.955810546875,
            "test_LL": -2436.1690630661506
        },
        "fold_2": {
            "learning_time": 4246.3359375,
            "test_LL": -1493.26577431993
        },
        "fold_3": {
            "learning_time": 5613.814697265625,
            "test_LL": -2095.1089715745243
        },
        "fold_4": {
            "learning_time": 4061.173095703125,
            "test_LL": -1677.6079414336984
        },
        "fold_5": {
            "learning_time": 2492.62158203125,
            "test_LL": -1353.4127990891216
        },
        "fold_6": {
            "learning_time": 5225.4521484375,
            "test_LL": -1185.5069364074166
        },
        "fold_7": {
            "learning_time": 6470.020751953125,
            "test_LL": -863.3508272741022
        },
        "fold_8": {
            "learning_time": 5806.64501953125,
            "test_LL": -1687.3039535375717
        },
        "fold_9": {
            "learning_time": 6123.790771484375,
            "test_LL": -1106.5286295526264
        }
    }
}