{
    "average_learning_time": 0.082686328125,
    "average_test_LL": -5469.0971837170355,
    "folds": {
        "fold_1": {
            "learning_time": 60.794189453125,
            "test_LL": -5429.820870292249
        },
        "fold_10": {
            "learning_time": 171.669921875,
            "test_LL": -5817.001857055395
        },
        "fold_2": {
            "learning_time": 54.353515625,
            "test_LL": -5450.634268164228
        },
        "fold_3": {
            "learning_time": 53.520263671875,
            "test_LL": -5411.868933505936
        },
        "fold_4": {
            "learning_time": 54.294921875,
            "test_LL": -5430.325317566196
        },
        "fold_5": {
            "learning_time": 55.841796875,
            "test_LL": -5439.0046312001805
        },
        "fold_6": {
            "learning_time": 60.092041015625,
            "test_LL": -5414.316043276295
        },
        "fold_7": {
            "learning_time": 105.984619140625,
            "test_LL": -5433.439903415676
        },
        "fold_8": {
            "learning_time": 112.314208984375,
            "test_LL": -5431.45517544462
        },
        "fold_9": {
            "learning_time": 97.997802734375,
            "test_LL": -5433.104837249581
        }
    }
}