{
    "average_learning_time": 0.295364013671875,
    "average_test_LL": -104.83853471752191,
    "folds": {
        "fold_1": {
            "learning_time": 589.5986328125,
            "test_LL": -47.26647727596077
        },
        "fold_10": {
            "learning_time": 232.8544921875,
            "test_LL": -40.9057841971123
        },
        "fold_2": {
            "learning_time": 231.185302734375,
            "test_LL": -47.26647727596077
        },
        "fold_3": {
            "learning_time": 250.310302734375,
            "test_LL": -47.26647727596077
        },
        "fold_4": {
            "learning_time": 232.625244140625,
            "test_LL": -47.26647727596077
        },
        "fold_5": {
            "learning_time": 248.35205078125,
            "test_LL": -223.55424135791486
        },
        "fold_6": {
            "learning_time": 346.3232421875,
            "test_LL": -246.06718664242385
        },
        "fold_7": {
            "learning_time": 347.7236328125,
            "test_LL": -35.04967596078736
        },
        "fold_8": {
            "learning_time": 245.974609375,
            "test_LL": -278.5020672732379
        },
        "fold_9": {
            "learning_time": 228.692626953125,
            "test_LL": -35.24048263989978
        }
    }
}