{
  "average_nrmse": 0.19844516695983358,
  "average_learning_time": 0.0018,
  "runs": {
    "run_1": {
      "nrmse": 0.197221739899977,
      "learning_time": 3
    },
    "run_2": {
      "nrmse": 0.20008190393225764,
      "learning_time": 2
    },
    "run_3": {
      "nrmse": 0.20142417460174575,
      "learning_time": 2
    },
    "run_4": {
      "nrmse": 0.1993801688928262,
      "learning_time": 1
    },
    "run_5": {
      "nrmse": 0.19411784747236144,
      "learning_time": 1
    }
  }
}