{
    "average_learning_time": 0.253108984375,
    "average_nrmse": 0.13878189440143335,
    "runs": {
        "run_1": {
            "learning_time": 281.2373046875,
            "nrmse": 0.1354054191762713
        },
        "run_2": {
            "learning_time": 234.35888671875,
            "nrmse": 0.1409266097501821
        },
        "run_3": {
            "learning_time": 187.482666015625,
            "nrmse": 0.14050251716312565
        },
        "run_4": {
            "learning_time": 281.232666015625,
            "nrmse": 0.13854285488708523
        },
        "run_5": {
            "learning_time": 281.2333984375,
            "nrmse": 0.13853207103050247
        }
    }
}