{
    "average_learning_time": 284.24659545898436,
    "average_nrmse": 0.13490014552474788,
    "runs": {
        "run_1": {
            "learning_time": 337936.33447265625,
            "nrmse": 0.13201490769784205
        },
        "run_2": {
            "learning_time": 336214.6564941406,
            "nrmse": 0.1322311315756792
        },
        "run_3": {
            "learning_time": 347608.00341796875,
            "nrmse": 0.13874994796858664
        },
        "run_4": {
            "learning_time": 235004.33081054688,
            "nrmse": 0.13768279905323372
        },
        "run_5": {
            "learning_time": 164469.65209960938,
            "nrmse": 0.1338219413283978
        }
    }
}