{
    "average_learning_time": 0.1468673828125,
    "average_nrmse": 0.1374051079468488,
    "runs": {
        "run_1": {
            "learning_time": 140.6240234375,
            "nrmse": 0.13515762757248587
        },
        "run_2": {
            "learning_time": 124.981689453125,
            "nrmse": 0.14170226799390673
        },
        "run_3": {
            "learning_time": 203.108642578125,
            "nrmse": 0.13704956563897577
        },
        "run_4": {
            "learning_time": 140.623779296875,
            "nrmse": 0.13868787468315322
        },
        "run_5": {
            "learning_time": 124.998779296875,
            "nrmse": 0.13442820384572235
        }
    }
}