{
    "average_learning_time": 55693.099,
    "average_nrmse": 0.17115916983263535,
    "runs": {
        "run_1": {
            "learning_time": 56591013,
            "nrmse": 0.16770438103423144
        },
        "run_2": {
            "learning_time": 57368031,
            "nrmse": 0.16935583460599968
        },
        "run_3": {
            "learning_time": 54601721,
            "nrmse": 0.1669799317018444
        },
        "run_4": {
            "learning_time": 54284029,
            "nrmse": 0.16680409924432887
        },
        "run_5": {
            "learning_time": 56518615,
            "nrmse": 0.1814968137783685
        }
    }
}