{
    "average_learning_time": 0.3062427734375,
    "average_nrmse": 0.11744268018360941,
    "runs": {
        "run_1": {
            "learning_time": 343.748291015625,
            "nrmse": 0.11884463034787035
        },
        "run_2": {
            "learning_time": 296.874267578125,
            "nrmse": 0.1171140408726297
        },
        "run_3": {
            "learning_time": 296.85693359375,
            "nrmse": 0.12075582830148249
        },
        "run_4": {
            "learning_time": 312.485595703125,
            "nrmse": 0.11452356196295173
        },
        "run_5": {
            "learning_time": 281.248779296875,
            "nrmse": 0.11597533943311283
        }
    }
}