{
    "average_learning_time": 79171.402,
    "average_nrmse": 0.13322166445000957,
    "runs": {
        "run_1": {
            "learning_time": 79721653,
            "nrmse": 0.13387531092351285
        },
        "run_2": {
            "learning_time": 77848575,
            "nrmse": 0.1305586522005661
        },
        "run_3": {
            "learning_time": 77791326,
            "nrmse": 0.13457974256116542
        },
        "run_4": {
            "learning_time": 81471912,
            "nrmse": 0.13672958099626578
        },
        "run_5": {
            "learning_time": 79573795,
            "nrmse": 0.131018682042041
        }
    }
}