{
    "average_learning_time": 345.9547708496094,
    "average_nrmse": 0.12582340450613602,
    "runs": {
        "run_1": {
            "learning_time": 377228.759765625,
            "nrmse": 0.12614805056128284
        },
        "run_2": {
            "learning_time": 337679.63525390625,
            "nrmse": 0.12279835423661298
        },
        "run_3": {
            "learning_time": 337184.5988769531,
            "nrmse": 0.12760357980691317
        },
        "run_4": {
            "learning_time": 337807.7463378906,
            "nrmse": 0.12795111726041344
        },
        "run_5": {
            "learning_time": 339873.1140136719,
            "nrmse": 0.12461592066545772
        }
    }
}