{
    "average_learning_time": 163.71257192382814,
    "average_nrmse": 0.14443324856715548,
    "runs": {
        "run_1": {
            "learning_time": 165618.30590820312,
            "nrmse": 0.14280555071993065
        },
        "run_2": {
            "learning_time": 163584.30102539062,
            "nrmse": 0.14380985551487985
        },
        "run_3": {
            "learning_time": 163190.65063476562,
            "nrmse": 0.14671701355543382
        },
        "run_4": {
            "learning_time": 162290.39770507812,
            "nrmse": 0.14391333004357554
        },
        "run_5": {
            "learning_time": 163879.20434570312,
            "nrmse": 0.14492049300195742
        }
    }
}