{
    "average_learning_time": 0.343741650390625,
    "average_nrmse": 0.11193440028345625,
    "runs": {
        "run_1": {
            "learning_time": 781.208740234375,
            "nrmse": 0.11473381938828278
        },
        "run_2": {
            "learning_time": 234.375732421875,
            "nrmse": 0.10976331915099044
        },
        "run_3": {
            "learning_time": 249.99951171875,
            "nrmse": 0.11082764146291489
        },
        "run_4": {
            "learning_time": 218.75048828125,
            "nrmse": 0.11487318313734576
        },
        "run_5": {
            "learning_time": 234.373779296875,
            "nrmse": 0.1094740382777474
        }
    }
}