{
    "average_learning_time": 0.118738818359375,
    "average_nrmse": 0.14040119397110443,
    "runs": {
        "run_1": {
            "learning_time": 124.987060546875,
            "nrmse": 0.13873315208810025
        },
        "run_2": {
            "learning_time": 109.361572265625,
            "nrmse": 0.14658214104013229
        },
        "run_3": {
            "learning_time": 140.626220703125,
            "nrmse": 0.1402244048845313
        },
        "run_4": {
            "learning_time": 109.358154296875,
            "nrmse": 0.1401204575794237
        },
        "run_5": {
            "learning_time": 109.361083984375,
            "nrmse": 0.13634581426333447
        }
    }
}