{
    "average_learning_time": 163.84776235351563,
    "average_nrmse": 0.1387882812728789,
    "runs": {
        "run_1": {
            "learning_time": 164209.33471679688,
            "nrmse": 0.13581088568234365
        },
        "run_2": {
            "learning_time": 163247.35595703125,
            "nrmse": 0.1381752390493328
        },
        "run_3": {
            "learning_time": 163464.6689453125,
            "nrmse": 0.1421280580678314
        },
        "run_4": {
            "learning_time": 164261.50341796875,
            "nrmse": 0.13858965448562685
        },
        "run_5": {
            "learning_time": 164055.94873046875,
            "nrmse": 0.13923756907925972
        }
    }
}