{
    "average_learning_time": 339.67607470703126,
    "average_nrmse": 0.13224744343413908,
    "runs": {
        "run_1": {
            "learning_time": 337193.5212402344,
            "nrmse": 0.13215513481598948
        },
        "run_2": {
            "learning_time": 338853.4128417969,
            "nrmse": 0.13270531781949607
        },
        "run_3": {
            "learning_time": 342206.28173828125,
            "nrmse": 0.13570949006154437
        },
        "run_4": {
            "learning_time": 339418.4631347656,
            "nrmse": 0.1312504581370703
        },
        "run_5": {
            "learning_time": 340708.6945800781,
            "nrmse": 0.12941681633659521
        }
    }
}