{
    "average_learning_time": 0.020498779296875,
    "average_test_LL": -1834.1732335668628,
    "folds": {
        "fold_1": {
            "learning_time": 19.855224609375,
            "test_LL": -1749.490607359208
        },
        "fold_10": {
            "learning_time": 23.26953125,
            "test_LL": -2123.441572513954
        },
        "fold_2": {
            "learning_time": 19.5205078125,
            "test_LL": -1716.237016297265
        },
        "fold_3": {
            "learning_time": 19.6806640625,
            "test_LL": -2537.945768160858
        },
        "fold_4": {
            "learning_time": 19.629638671875,
            "test_LL": -1739.5049406852893
        },
        "fold_5": {
            "learning_time": 19.941162109375,
            "test_LL": -1715.0388574432975
        },
        "fold_6": {
            "learning_time": 20.5888671875,
            "test_LL": -1666.6137222757375
        },
        "fold_7": {
            "learning_time": 21.328857421875,
            "test_LL": -1658.5219565318037
        },
        "fold_8": {
            "learning_time": 20.381103515625,
            "test_LL": -1721.424420676988
        },
        "fold_9": {
            "learning_time": 20.792236328125,
            "test_LL": -1713.5134737242277
        }
    }
}