{
    "average_learning_time": 13.885992065429688,
    "average_test_LL": -1093.0792838928037,
    "folds": {
        "fold_1": {
            "learning_time": 13503.849365234375,
            "test_LL": -1156.662371142696
        },
        "fold_10": {
            "learning_time": 14507.197021484375,
            "test_LL": -1813.1302235539572
        },
        "fold_2": {
            "learning_time": 14339.224609375,
            "test_LL": -786.1553537088558
        },
        "fold_3": {
            "learning_time": 11380.026611328125,
            "test_LL": -800.3631447271795
        },
        "fold_4": {
            "learning_time": 11861.648193359375,
            "test_LL": -1098.537063789533
        },
        "fold_5": {
            "learning_time": 14043.190673828125,
            "test_LL": -910.2708222373593
        },
        "fold_6": {
            "learning_time": 18879.63623046875,
            "test_LL": -969.7944805111119
        },
        "fold_7": {
            "learning_time": 14984.379150390625,
            "test_LL": -1024.2896692305405
        },
        "fold_8": {
            "learning_time": 11299.08984375,
            "test_LL": -1186.301170714522
        },
        "fold_9": {
            "learning_time": 14061.678955078125,
            "test_LL": -1185.2885393122813
        }
    }
}