{
    "average_learning_time": 190.017749609375,
    "average_nrmse": 0.09745969150303327,
    "runs": {
        "run_1": {
            "learning_time": 205329.02465820312,
            "nrmse": 0.10322602138930533
        },
        "run_2": {
            "learning_time": 206920.81567382812,
            "nrmse": 0.09274063632636625
        },
        "run_3": {
            "learning_time": 177627.94848632812,
            "nrmse": 0.09572428112451886
        },
        "run_4": {
            "learning_time": 182306.67919921875,
            "nrmse": 0.0897461526411692
        },
        "run_5": {
            "learning_time": 177904.28002929688,
            "nrmse": 0.10586136603380676
        }
    }
}