{
    "average_learning_time": 15549.594,
    "average_nrmse": 0.12196072837283531,
    "runs": {
        "run_1": {
            "learning_time": 15816690,
            "nrmse": 0.12203819219162552
        },
        "run_2": {
            "learning_time": 15503616,
            "nrmse": 0.12158567983569397
        },
        "run_3": {
            "learning_time": 15163013,
            "nrmse": 0.12381441924225771
        },
        "run_4": {
            "learning_time": 15476116,
            "nrmse": 0.12304257003012346
        },
        "run_5": {
            "learning_time": 16055633,
            "nrmse": 0.1194002443832661
        }
    }
}