{
    "average_learning_time": 0.14062275390625,
    "average_nrmse": 0.11641426460671309,
    "runs": {
        "run_1": {
            "learning_time": 140.62353515625,
            "nrmse": 0.1157919760457358
        },
        "run_2": {
            "learning_time": 124.996826171875,
            "nrmse": 0.11521979395353764
        },
        "run_3": {
            "learning_time": 140.62451171875,
            "nrmse": 0.11740514040494553
        },
        "run_4": {
            "learning_time": 140.62109375,
            "nrmse": 0.11540218968978937
        },
        "run_5": {
            "learning_time": 156.247802734375,
            "nrmse": 0.11825222293955706
        }
    }
}