{
    "average_learning_time": 184.42031494140625,
    "average_nrmse": 0.11734371914947075,
    "runs": {
        "run_1": {
            "learning_time": 184112.32958984375,
            "nrmse": 0.11464024045949882
        },
        "run_2": {
            "learning_time": 185760.83349609375,
            "nrmse": 0.11393044658188545
        },
        "run_3": {
            "learning_time": 181954.23681640625,
            "nrmse": 0.11685742043156837
        },
        "run_4": {
            "learning_time": 188270.27807617188,
            "nrmse": 0.12103208100978448
        },
        "run_5": {
            "learning_time": 182003.89672851562,
            "nrmse": 0.12025840726461667
        }
    }
}