{
    "average_learning_time": 0.13749799804687501,
    "average_nrmse": 0.1201982650521722,
    "runs": {
        "run_1": {
            "learning_time": 156.243408203125,
            "nrmse": 0.13784005283194442
        },
        "run_2": {
            "learning_time": 124.998046875,
            "nrmse": 0.11931592771127078
        },
        "run_3": {
            "learning_time": 125.000244140625,
            "nrmse": 0.11732705703021448
        },
        "run_4": {
            "learning_time": 140.626708984375,
            "nrmse": 0.11383286844456791
        },
        "run_5": {
            "learning_time": 140.62158203125,
            "nrmse": 0.11267541924286337
        }
    }
}