{
    "average_learning_time": 181.96936323242187,
    "average_nrmse": 0.1114913578715272,
    "runs": {
        "run_1": {
            "learning_time": 182877.64819335938,
            "nrmse": 0.10676914445196153
        },
        "run_2": {
            "learning_time": 179296.90161132812,
            "nrmse": 0.10869305737840865
        },
        "run_3": {
            "learning_time": 180301.78100585938,
            "nrmse": 0.10941352245338518
        },
        "run_4": {
            "learning_time": 182238.66796875,
            "nrmse": 0.11232885259887478
        },
        "run_5": {
            "learning_time": 185131.8173828125,
            "nrmse": 0.12025221247500585
        }
    }
}