{
    "average_learning_time": 0.14062490234375,
    "average_nrmse": 0.09440643847781319,
    "runs": {
        "run_1": {
            "learning_time": 156.2470703125,
            "nrmse": 0.10413889021385814
        },
        "run_2": {
            "learning_time": 125.00048828125,
            "nrmse": 0.08434303315229928
        },
        "run_3": {
            "learning_time": 140.624755859375,
            "nrmse": 0.10428021289410762
        },
        "run_4": {
            "learning_time": 140.62548828125,
            "nrmse": 0.08404571177099183
        },
        "run_5": {
            "learning_time": 140.626708984375,
            "nrmse": 0.09522434435780908
        }
    }
}