{
    "average_learning_time": 0.153123095703125,
    "average_nrmse": 0.10998473207441115,
    "runs": {
        "run_1": {
            "learning_time": 140.61962890625,
            "nrmse": 0.11620797916916387
        },
        "run_2": {
            "learning_time": 171.873046875,
            "nrmse": 0.102915958286255
        },
        "run_3": {
            "learning_time": 187.496826171875,
            "nrmse": 0.1280434938922386
        },
        "run_4": {
            "learning_time": 125.00244140625,
            "nrmse": 0.09874308284002532
        },
        "run_5": {
            "learning_time": 140.62353515625,
            "nrmse": 0.10401314618437298
        }
    }
}