{
    "average_learning_time": 0.1218755859375,
    "average_nrmse": 0.07771845673499586,
    "runs": {
        "run_1": {
            "learning_time": 124.9990234375,
            "nrmse": 0.0811187548883271
        },
        "run_2": {
            "learning_time": 109.37646484375,
            "nrmse": 0.06619061737711235
        },
        "run_3": {
            "learning_time": 140.625732421875,
            "nrmse": 0.08849117348185247
        },
        "run_4": {
            "learning_time": 93.75,
            "nrmse": 0.071693283179435
        },
        "run_5": {
            "learning_time": 140.626708984375,
            "nrmse": 0.08109845474825234
        }
    }
}