{
  "average_nrmse": 0.12673373517164505,
  "average_learning_time": 0.0018,
  "runs": {
    "run_1": {
      "nrmse": 0.12349886051069808,
      "learning_time": 1
    },
    "run_2": {
      "nrmse": 0.12494067553006816,
      "learning_time": 0
    },
    "run_3": {
      "nrmse": 0.1226295623446109,
      "learning_time": 1
    },
    "run_4": {
      "nrmse": 0.13038117578559993,
      "learning_time": 1
    },
    "run_5": {
      "nrmse": 0.13221840168724816,
      "learning_time": 6
    }
  }
}