{
  "average_nrmse": 0.12823294853714026,
  "average_learning_time": 0.0014,
  "runs": {
    "run_1": {
      "nrmse": 0.12483268985222905,
      "learning_time": 2
    },
    "run_2": {
      "nrmse": 0.1283141671566403,
      "learning_time": 1
    },
    "run_3": {
      "nrmse": 0.12314823136594816,
      "learning_time": 1
    },
    "run_4": {
      "nrmse": 0.12805127899715052,
      "learning_time": 2
    },
    "run_5": {
      "nrmse": 0.1368183753137333,
      "learning_time": 1
    }
  }
}