{
    "average_learning_time": 181.26683486328125,
    "average_nrmse": 0.10666707232335541,
    "runs": {
        "run_1": {
            "learning_time": 182558.00659179688,
            "nrmse": 0.1039991852864155
        },
        "run_2": {
            "learning_time": 180821.22143554688,
            "nrmse": 0.10599008553582093
        },
        "run_3": {
            "learning_time": 179372.23120117188,
            "nrmse": 0.10602427190601205
        },
        "run_4": {
            "learning_time": 185924.07080078125,
            "nrmse": 0.10299489002642467
        },
        "run_5": {
            "learning_time": 177658.64428710938,
            "nrmse": 0.11432692886210388
        }
    }
}