{
    "average_learning_time": 182.47416918945314,
    "average_nrmse": 0.1129878339002788,
    "runs": {
        "run_1": {
            "learning_time": 179512.630859375,
            "nrmse": 0.11092194646667182
        },
        "run_2": {
            "learning_time": 186679.48266601562,
            "nrmse": 0.11223628639179771
        },
        "run_3": {
            "learning_time": 183045.28686523438,
            "nrmse": 0.1089862194184006
        },
        "run_4": {
            "learning_time": 184080.35375976562,
            "nrmse": 0.11515629682348097
        },
        "run_5": {
            "learning_time": 179053.091796875,
            "nrmse": 0.11763842040104285
        }
    }
}