{
    "average_learning_time": 0.015685498046875,
    "average_test_LL": -463.9559343662145,
    "folds": {
        "fold_1": {
            "learning_time": 17.314697265625,
            "test_LL": -464.32079254081106
        },
        "fold_10": {
            "learning_time": 16.61669921875,
            "test_LL": -501.5153960533137
        },
        "fold_2": {
            "learning_time": 14.70263671875,
            "test_LL": -461.00393409389426
        },
        "fold_3": {
            "learning_time": 14.81103515625,
            "test_LL": -461.3115581690831
        },
        "fold_4": {
            "learning_time": 14.259033203125,
            "test_LL": -457.5881017130437
        },
        "fold_5": {
            "learning_time": 14.61083984375,
            "test_LL": -457.7607031281471
        },
        "fold_6": {
            "learning_time": 14.600341796875,
            "test_LL": -458.52859726792855
        },
        "fold_7": {
            "learning_time": 17.3125,
            "test_LL": -458.6686376380603
        },
        "fold_8": {
            "learning_time": 15.73046875,
            "test_LL": -460.7486519815665
        },
        "fold_9": {
            "learning_time": 16.896728515625,
            "test_LL": -458.11297107629656
        }
    }
}