{
    "average_learning_time": 222.49335927734376,
    "average_test_LL": -6633.645153547009,
    "folds": {
        "fold_1": {
            "learning_time": 219526.59643554688,
            "test_LL": -10718.83160646204
        },
        "fold_10": {
            "learning_time": 225437.8193359375,
            "test_LL": -3184.305516029977
        },
        "fold_2": {
            "learning_time": 226951.40063476562,
            "test_LL": -9998.013840984397
        },
        "fold_3": {
            "learning_time": 225007.708984375,
            "test_LL": -7967.18379728841
        },
        "fold_4": {
            "learning_time": 264812.0966796875,
            "test_LL": -5305.431692492409
        },
        "fold_5": {
            "learning_time": 202091.54345703125,
            "test_LL": -6101.621494259836
        },
        "fold_6": {
            "learning_time": 196869.447265625,
            "test_LL": -9664.314331267338
        },
        "fold_7": {
            "learning_time": 230815.38232421875,
            "test_LL": -8187.046851154722
        },
        "fold_8": {
            "learning_time": 207950.8359375,
            "test_LL": -2549.8238065331384
        },
        "fold_9": {
            "learning_time": 225470.76171875,
            "test_LL": -2659.8785989978196
        }
    }
}