{
    "average_accuracy": 0.39232278101711937,
    "average_learning_time": 30.625386767578124,
    "runs": {
        "run_1": {
            "accuracy": 0.403204572931527,
            "learning_time": 30539.229248046875
        },
        "run_2": {
            "accuracy": 0.4271890482393741,
            "learning_time": 31416.225341796875
        },
        "run_3": {
            "accuracy": 0.37796330174813153,
            "learning_time": 30017.861328125
        },
        "run_4": {
            "accuracy": 0.38300328373506876,
            "learning_time": 30098.073974609375
        },
        "run_5": {
            "accuracy": 0.3702536984314957,
            "learning_time": 31055.5439453125
        }
    }
}