{
    "average_learning_time": 0.05875478515625,
    "average_accuracy": 0.36000000000000004,
    "runs": {
        "run_1": {
            "accuracy": 0.33541666666666664,
            "learning_time": 54.655029296875
        },
        "run_2": {
            "accuracy": 0.4,
            "learning_time": 56.608154296875
        },
        "run_3": {
            "accuracy": 0.38125,
            "learning_time": 54.6552734375
        },
        "run_4": {
            "accuracy": 0.3416666666666667,
            "learning_time": 58.56005859375
        },
        "run_5": {
            "accuracy": 0.3416666666666667,
            "learning_time": 69.29541015625
        }
    }
}