{
    "average_accuracy": 0.4027846343363454,
    "average_learning_time": 31.9825677734375,
    "runs": {
        "run_1": {
            "accuracy": 0.4113432377264973,
            "learning_time": 29989.06005859375
        },
        "run_2": {
            "accuracy": 0.3726806416175187,
            "learning_time": 33086.776611328125
        },
        "run_3": {
            "accuracy": 0.4181878905408317,
            "learning_time": 33260.707275390625
        },
        "run_4": {
            "accuracy": 0.40786463779483606,
            "learning_time": 30524.185791015625
        },
        "run_5": {
            "accuracy": 0.40384676400204356,
            "learning_time": 33052.109130859375
        }
    }
}