{
    "average_learning_time": 0.047629296875000005,
    "average_accuracy": 0.374375,
    "runs": {
        "run_1": {
            "accuracy": 0.390625,
            "learning_time": 43.920654296875
        },
        "run_2": {
            "accuracy": 0.35625,
            "learning_time": 45.872314453125
        },
        "run_3": {
            "accuracy": 0.375,
            "learning_time": 58.56103515625
        },
        "run_4": {
            "accuracy": 0.40625,
            "learning_time": 44.89599609375
        },
        "run_5": {
            "accuracy": 0.34375,
            "learning_time": 44.896484375
        }
    }
}