{
  "average_accuracy": 0.37041666666666667,
  "average_learning_time": 0.2958,
  "runs": {
    "run_1": {
      "accuracy": 0.375,
      "learning_time": 132
    },
    "run_2": {
      "accuracy": 0.35625,
      "learning_time": 803
    },
    "run_3": {
      "accuracy": 0.3854166666666667,
      "learning_time": 177
    },
    "run_4": {
      "accuracy": 0.36875,
      "learning_time": 175
    },
    "run_5": {
      "accuracy": 0.36666666666666664,
      "learning_time": 192
    }
  }
}