{
    "average_learning_time": 77.6277833984375,
    "average_test_LL": -981.8861326043931,
    "folds": {
        "fold_1": {
            "learning_time": 73436.3505859375,
            "test_LL": -957.1383073752114
        },
        "fold_10": {
            "learning_time": 65316.09326171875,
            "test_LL": 441.2322518858348
        },
        "fold_2": {
            "learning_time": 66796.92919921875,
            "test_LL": -1732.823943067439
        },
        "fold_3": {
            "learning_time": 72296.08764648438,
            "test_LL": -628.5357657176834
        },
        "fold_4": {
            "learning_time": 88168.4619140625,
            "test_LL": -985.3868511482622
        },
        "fold_5": {
            "learning_time": 81343.18090820312,
            "test_LL": -530.8249165446578
        },
        "fold_6": {
            "learning_time": 91710.69262695312,
            "test_LL": -3048.916933318267
        },
        "fold_7": {
            "learning_time": 77742.25415039062,
            "test_LL": -525.3104850076684
        },
        "fold_8": {
            "learning_time": 94943.57397460938,
            "test_LL": -1394.6165813170483
        },
        "fold_9": {
            "learning_time": 64524.209716796875,
            "test_LL": -456.5397944335281
        }
    }
}