{
    "average_learning_time": 0.018995654296875,
    "average_test_LL": -1421.4350259742985,
    "folds": {
        "fold_1": {
            "learning_time": 18.909912109375,
            "test_LL": -1441.5707833076929
        },
        "fold_10": {
            "learning_time": 20.76611328125,
            "test_LL": -1560.3324699843106
        },
        "fold_2": {
            "learning_time": 18.77392578125,
            "test_LL": -1386.909079383694
        },
        "fold_3": {
            "learning_time": 18.819580078125,
            "test_LL": -1366.0092756698837
        },
        "fold_4": {
            "learning_time": 18.76611328125,
            "test_LL": -1396.8376441022197
        },
        "fold_5": {
            "learning_time": 19.032470703125,
            "test_LL": -1402.2284398167556
        },
        "fold_6": {
            "learning_time": 18.579833984375,
            "test_LL": -1401.380709911233
        },
        "fold_7": {
            "learning_time": 18.777587890625,
            "test_LL": -1496.1327610399605
        },
        "fold_8": {
            "learning_time": 18.63525390625,
            "test_LL": -1388.4408882239982
        },
        "fold_9": {
            "learning_time": 18.895751953125,
            "test_LL": -1374.5082083032369
        }
    }
}