{
  "average_learning_time": 7.2308,
  "average_test_LL": -1363.4119778219442,
  "average_train_BIC": -12869.5807441385,
  "folds": {
    "fold_1": {
      "test_LL": -1419.4014695902015,
      "train_BIC": -12803.642206884506,
      "learning_time": 7133
    },
    "fold_2": {
      "test_LL": -1431.7938577633433,
      "train_BIC": -12804.951585591627,
      "learning_time": 6998
    },
    "fold_3": {
      "test_LL": -1410.9974004473886,
      "train_BIC": -12950.425427038997,
      "learning_time": 7146
    },
    "fold_4": {
      "test_LL": -1394.728975737841,
      "train_BIC": -12930.27135931101,
      "learning_time": 8313
    },
    "fold_5": {
      "test_LL": -1403.0625009333821,
      "train_BIC": -12897.281195500198,
      "learning_time": 7129
    },
    "fold_6": {
      "test_LL": -1435.8250874234132,
      "train_BIC": -12904.444265015803,
      "learning_time": 6939
    },
    "fold_7": {
      "test_LL": -1422.1994688028276,
      "train_BIC": -12871.643801595816,
      "learning_time": 7156
    },
    "fold_8": {
      "test_LL": -1271.4552062659388,
      "train_BIC": -13027.740969900924,
      "learning_time": 6957
    },
    "fold_9": {
      "test_LL": -1201.3118373135492,
      "train_BIC": -12689.670874580148,
      "learning_time": 7345
    },
    "fold_10": {
      "test_LL": -1243.3439739415571,
      "train_BIC": -12815.735755965981,
      "learning_time": 7192
    }
  }
}