{
    "average_accuracy": 0.2678569725579954,
    "average_error": 0.22191523132839958,
    "average_learning_time": 0.086169482421875,
    "average_nrmse": 0.13687726530946542,
    "runs": {
        "run_1": {
            "accuracy": 0.21212121212121213,
            "average_error": 0.23294689378359995,
            "learning_time": 108.951904296875,
            "nrmse": 0.1404582447677353
        },
        "run_2": {
            "accuracy": 0.2682926829268293,
            "average_error": 0.21739214092072187,
            "learning_time": 70.9765625,
            "nrmse": 0.13167294489531373
        },
        "run_3": {
            "accuracy": 0.3225806451612903,
            "average_error": 0.20531875295774496,
            "learning_time": 75.974853515625,
            "nrmse": 0.1266353193109175
        },
        "run_4": {
            "accuracy": 0.375,
            "average_error": 0.20753315960141228,
            "learning_time": 86.971923828125,
            "nrmse": 0.1379553528683143
        },
        "run_5": {
            "accuracy": 0.16129032258064516,
            "average_error": 0.24638520937851885,
            "learning_time": 87.97216796875,
            "nrmse": 0.1476644647050462
        }
    }
}