{
    "average_accuracy": 0.7493913648080315,
    "average_error": 0.15310503661899574,
    "average_learning_time": 56.808877392578125,
    "average_nrmse": 0.13685443685683363,
    "runs": {
        "run_1": {
            "accuracy": 0.7857142857142857,
            "average_error": 0.1508136769493344,
            "learning_time": 56771.076171875,
            "nrmse": 0.14023500405993775
        },
        "run_2": {
            "accuracy": 0.7654320987654322,
            "average_error": 0.15461664900976918,
            "learning_time": 57079.117431640625,
            "nrmse": 0.14129144030563606
        },
        "run_3": {
            "accuracy": 0.65625,
            "average_error": 0.15863133614175537,
            "learning_time": 56503.050048828125,
            "nrmse": 0.12777822549871462
        },
        "run_4": {
            "accuracy": 0.7538461538461538,
            "average_error": 0.15249715066180883,
            "learning_time": 56766.13818359375,
            "nrmse": 0.13688770141313591
        },
        "run_5": {
            "accuracy": 0.7857142857142857,
            "average_error": 0.14896637033231094,
            "learning_time": 56925.005126953125,
            "nrmse": 0.13807981300674374
        }
    }
}