{
    "average_accuracy": 0.17227258911234652,
    "average_error": 0.2711589319759843,
    "average_learning_time": 0.07217612304687501,
    "average_nrmse": 0.17839751882403945,
    "runs": {
        "run_1": {
            "accuracy": 0.18681318681318682,
            "average_error": 0.2806535871197363,
            "learning_time": 78.97412109375,
            "nrmse": 0.19189804944189018
        },
        "run_2": {
            "accuracy": 0.1340782122905028,
            "average_error": 0.276887020857146,
            "learning_time": 80.973388671875,
            "nrmse": 0.17871455971508743
        },
        "run_3": {
            "accuracy": 0.1511627906976744,
            "average_error": 0.26791027692004177,
            "learning_time": 79.9736328125,
            "nrmse": 0.1710891215229945
        },
        "run_4": {
            "accuracy": 0.2064516129032258,
            "average_error": 0.2580911588336176,
            "learning_time": 79.97314453125,
            "nrmse": 0.16884828745642486
        },
        "run_5": {
            "accuracy": 0.18285714285714286,
            "average_error": 0.27225261614937984,
            "learning_time": 40.986328125,
            "nrmse": 0.1814375759838003
        }
    }
}