{
    "average_accuracy": 0.21705970271954472,
    "average_error": 0.2613299187022651,
    "average_learning_time": 0.08677685546875,
    "average_nrmse": 0.1743948556059,
    "runs": {
        "run_1": {
            "accuracy": 0.16666666666666666,
            "average_error": 0.27818999824123763,
            "learning_time": 84.955322265625,
            "nrmse": 0.18566610905922168
        },
        "run_2": {
            "accuracy": 0.2361111111111111,
            "average_error": 0.25056812536760253,
            "learning_time": 87.4833984375,
            "nrmse": 0.1650146647807215
        },
        "run_3": {
            "accuracy": 0.2248062015503876,
            "average_error": 0.2504618604306494,
            "learning_time": 88.484130859375,
            "nrmse": 0.16300653742748888
        },
        "run_4": {
            "accuracy": 0.2396694214876033,
            "average_error": 0.2654220557966413,
            "learning_time": 82.983154296875,
            "nrmse": 0.18293730201068206
        },
        "run_5": {
            "accuracy": 0.21804511278195488,
            "average_error": 0.26200755367519446,
            "learning_time": 89.978271484375,
            "nrmse": 0.17534966475138603
        }
    }
}