{
    "average_accuracy": 0.5909333048773097,
    "average_error": 0.2034959540758056,
    "average_learning_time": 101.196710546875,
    "average_nrmse": 0.16923416390132479,
    "runs": {
        "run_1": {
            "accuracy": 0.6320754716981132,
            "average_error": 0.19730413799618288,
            "learning_time": 103660.77368164062,
            "nrmse": 0.16886740627856556
        },
        "run_2": {
            "accuracy": 0.570754716981132,
            "average_error": 0.21036971401567356,
            "learning_time": 98679.48413085938,
            "nrmse": 0.17389045251514115
        },
        "run_3": {
            "accuracy": 0.519047619047619,
            "average_error": 0.21466160739852938,
            "learning_time": 100675.18237304688,
            "nrmse": 0.17027981180622076
        },
        "run_4": {
            "accuracy": 0.6060606060606061,
            "average_error": 0.195879534741029,
            "learning_time": 102417.18432617188,
            "nrmse": 0.1628695582079682
        },
        "run_5": {
            "accuracy": 0.6267281105990783,
            "average_error": 0.19926477622761302,
            "learning_time": 100550.92822265625,
            "nrmse": 0.17026359069872823
        }
    }
}