{
    "average_accuracy": 0.6739663489398107,
    "average_error": 0.1762716869766963,
    "average_learning_time": 58.7544890625,
    "average_nrmse": 0.15131135962944744,
    "runs": {
        "run_1": {
            "accuracy": 0.74,
            "average_error": 0.16525414780471268,
            "learning_time": 58912.355712890625,
            "nrmse": 0.14946317243883142
        },
        "run_2": {
            "accuracy": 0.7291666666666667,
            "average_error": 0.16963219903127608,
            "learning_time": 59215.1572265625,
            "nrmse": 0.15276534331426653
        },
        "run_3": {
            "accuracy": 0.6124031007751938,
            "average_error": 0.1718888361622614,
            "learning_time": 58649.782470703125,
            "nrmse": 0.1359374923185039
        },
        "run_4": {
            "accuracy": 0.6115702479338843,
            "average_error": 0.18740148559505257,
            "learning_time": 58364.461669921875,
            "nrmse": 0.15389677451654205
        },
        "run_5": {
            "accuracy": 0.6766917293233083,
            "average_error": 0.18718176629017877,
            "learning_time": 58630.688232421875,
            "nrmse": 0.1644940155590933
        }
    }
}