{
    "average_accuracy": 0.21033705807450845,
    "average_error": 0.2431357943329918,
    "average_learning_time": 0.09318930664062501,
    "average_nrmse": 0.15204793640090847,
    "runs": {
        "run_1": {
            "accuracy": 0.21904761904761905,
            "average_error": 0.24031440177806349,
            "learning_time": 87.954345703125,
            "nrmse": 0.15020807191567725
        },
        "run_2": {
            "accuracy": 0.23853211009174313,
            "average_error": 0.2465362992093462,
            "learning_time": 89.971435546875,
            "nrmse": 0.16071436742619438
        },
        "run_3": {
            "accuracy": 0.18947368421052632,
            "average_error": 0.24248134750226352,
            "learning_time": 103.057861328125,
            "nrmse": 0.14780718612106183
        },
        "run_4": {
            "accuracy": 0.23958333333333334,
            "average_error": 0.24191896854750336,
            "learning_time": 94.47998046875,
            "nrmse": 0.15550268552764282
        },
        "run_5": {
            "accuracy": 0.1650485436893204,
            "average_error": 0.24442795462778225,
            "learning_time": 90.48291015625,
            "nrmse": 0.146007371013966
        }
    }
}