{
    "average_accuracy": 0.6461704664302241,
    "average_error": 0.18818548956842546,
    "average_learning_time": 101.07316020507812,
    "average_nrmse": 0.1605781489015337,
    "runs": {
        "run_1": {
            "accuracy": 0.5879120879120878,
            "average_error": 0.20227065738241748,
            "learning_time": 101750.1806640625,
            "nrmse": 0.16730111493150168
        },
        "run_2": {
            "accuracy": 0.7206703910614525,
            "average_error": 0.18135001311891927,
            "learning_time": 99966.4833984375,
            "nrmse": 0.16502008048231456
        },
        "run_3": {
            "accuracy": 0.6162790697674418,
            "average_error": 0.1828616737638545,
            "learning_time": 102512.01342773438,
            "nrmse": 0.14938513101907058
        },
        "run_4": {
            "accuracy": 0.6774193548387097,
            "average_error": 0.17981026205485093,
            "learning_time": 100786.7978515625,
            "nrmse": 0.1560151982037777
        },
        "run_5": {
            "accuracy": 0.6285714285714287,
            "average_error": 0.19463484152208504,
            "learning_time": 100350.32568359375,
            "nrmse": 0.165169219871004
        }
    }
}