{
    "average_accuracy": 0.127131597691549,
    "average_error": 0.28261067609551427,
    "average_learning_time": 0.064987890625,
    "average_nrmse": 0.18423438839335818,
    "runs": {
        "run_1": {
            "accuracy": 0.1179245283018868,
            "average_error": 0.29166937664816706,
            "learning_time": 95.96875,
            "nrmse": 0.19326836080650936
        },
        "run_2": {
            "accuracy": 0.10377358490566038,
            "average_error": 0.2867656023391115,
            "learning_time": 78.974365234375,
            "nrmse": 0.18518880021324022
        },
        "run_3": {
            "accuracy": 0.08095238095238096,
            "average_error": 0.28598876309988336,
            "learning_time": 76.0126953125,
            "nrmse": 0.18047895377526077
        },
        "run_4": {
            "accuracy": 0.1717171717171717,
            "average_error": 0.27154182770182106,
            "learning_time": 33.4931640625,
            "nrmse": 0.17875166093831985
        },
        "run_5": {
            "accuracy": 0.16129032258064516,
            "average_error": 0.2770878106885884,
            "learning_time": 40.490478515625,
            "nrmse": 0.18348416623346062
        }
    }
}