{
    "average_accuracy": 0.705607495122861,
    "average_error": 0.1636207059596301,
    "average_learning_time": 67.11049213867187,
    "average_nrmse": 0.1418254061400453,
    "runs": {
        "run_1": {
            "accuracy": 0.7238095238095238,
            "average_error": 0.15777540931706696,
            "learning_time": 66926.96752929688,
            "nrmse": 0.1380395648381654
        },
        "run_2": {
            "accuracy": 0.7155963302752293,
            "average_error": 0.16216893019810424,
            "learning_time": 67026.24853515625,
            "nrmse": 0.14179647361032652
        },
        "run_3": {
            "accuracy": 0.6736842105263158,
            "average_error": 0.160586170079722,
            "learning_time": 67351.37915039062,
            "nrmse": 0.13296456684739497
        },
        "run_4": {
            "accuracy": 0.6770833333333333,
            "average_error": 0.17354278100692924,
            "learning_time": 66751.91943359375,
            "nrmse": 0.148647133396973
        },
        "run_5": {
            "accuracy": 0.7378640776699029,
            "average_error": 0.16403023919632803,
            "learning_time": 67495.94604492188,
            "nrmse": 0.14767929200736654
        }
    }
}