{
    "average_accuracy": 0.7428922883437046,
    "average_error": 0.15421029276411244,
    "average_learning_time": 71.08511372070313,
    "average_nrmse": 0.1370607229487486,
    "runs": {
        "run_1": {
            "accuracy": 0.8484848484848485,
            "average_error": 0.1430220331222409,
            "learning_time": 70987.52758789062,
            "nrmse": 0.14160651339008912
        },
        "run_2": {
            "accuracy": 0.7560975609756098,
            "average_error": 0.15389834958662427,
            "learning_time": 70165.33959960938,
            "nrmse": 0.1388976680136633
        },
        "run_3": {
            "accuracy": 0.7419354838709677,
            "average_error": 0.13501372814382698,
            "learning_time": 69957.63037109375,
            "nrmse": 0.11450526347962608
        },
        "run_4": {
            "accuracy": 0.59375,
            "average_error": 0.18721043684195512,
            "learning_time": 72267.64892578125,
            "nrmse": 0.15070384298228098
        },
        "run_5": {
            "accuracy": 0.7741935483870968,
            "average_error": 0.15190691612591486,
            "learning_time": 72047.42211914062,
            "nrmse": 0.13959032687808348
        }
    }
}