{
  "average_accuracy": 0.7897535308778731,
  "average_learning_time": 756.6801999999999,
  "runs": {
    "run_1": {
      "accuracy": 0.7884242592079757,
      "learning_time": 901329
    },
    "run_2": {
      "accuracy": 0.793962891165882,
      "learning_time": 1685524
    },
    "run_3": {
      "accuracy": 0.7907781777900859,
      "learning_time": 370693
    },
    "run_4": {
      "accuracy": 0.7873165328163944,
      "learning_time": 395936
    },
    "run_5": {
      "accuracy": 0.7882857934090279,
      "learning_time": 429919
    }
  }
}