{
  "average_accuracy": 0.7253115480476323,
  "average_learning_time": 0.001,
  "runs": {
    "run_1": {
      "accuracy": 0.7240376626973137,
      "learning_time": 1
    },
    "run_2": {
      "accuracy": 0.7234837995015231,
      "learning_time": 1
    },
    "run_3": {
      "accuracy": 0.7250069232899474,
      "learning_time": 1
    },
    "run_4": {
      "accuracy": 0.727637773469953,
      "learning_time": 1
    },
    "run_5": {
      "accuracy": 0.7263915812794239,
      "learning_time": 1
    }
  }
}