{
  "average_accuracy": 0.7280413513014584,
  "average_learning_time": 0.001,
  "runs": {
    "run_1": {
      "accuracy": 0.7262322318626546,
      "learning_time": 1
    },
    "run_2": {
      "accuracy": 0.7277090640575965,
      "learning_time": 1
    },
    "run_3": {
      "accuracy": 0.725955325826103,
      "learning_time": 1
    },
    "run_4": {
      "accuracy": 0.7289089902159868,
      "learning_time": 1
    },
    "run_5": {
      "accuracy": 0.7314011445449511,
      "learning_time": 1
    }
  }
}