{
  "average_accuracy": 0.724619219052894,
  "average_learning_time": 0.0018,
  "runs": {
    "run_1": {
      "accuracy": 0.7225145389088895,
      "learning_time": 2
    },
    "run_2": {
      "accuracy": 0.7200221545278316,
      "learning_time": 2
    },
    "run_3": {
      "accuracy": 0.7230684021046802,
      "learning_time": 2
    },
    "run_4": {
      "accuracy": 0.7344225976183882,
      "learning_time": 1
    },
    "run_5": {
      "accuracy": 0.7230684021046802,
      "learning_time": 2
    }
  }
}