{
  "average_accuracy": 0.7265373961218836,
  "average_learning_time": 0.0022,
  "runs": {
    "run_1": {
      "accuracy": 0.7285318559556787,
      "learning_time": 2
    },
    "run_2": {
      "accuracy": 0.72797783933518,
      "learning_time": 2
    },
    "run_3": {
      "accuracy": 0.7174515235457064,
      "learning_time": 2
    },
    "run_4": {
      "accuracy": 0.7423822714681441,
      "learning_time": 2
    },
    "run_5": {
      "accuracy": 0.7163434903047091,
      "learning_time": 3
    }
  }
}