{
  "average_learning_time": 10327.4215,
  "average_test_LL": -513.5445001807295,
  "average_train_BIC": -4949.80137968073,
  "folds": {
    "fold_1": {
      "test_LL": -508.90715187457977,
      "train_BIC": -4915.591118542878,
      "learning_time": 7245578
    },
    "fold_2": {
      "test_LL": -517.2405360989056,
      "train_BIC": -5020.512102105898,
      "learning_time": 23867715
    },
    "fold_3": {
      "test_LL": -535.5109296492901,
      "train_BIC": -4870.136241121693,
      "learning_time": 5513891
    },
    "fold_4": {
      "test_LL": -501.964541210228,
      "train_BIC": -4923.71057141409,
      "learning_time": 6044515
    },
    "fold_5": {
      "test_LL": -475.35138805723,
      "train_BIC": -4946.131689567331,
      "learning_time": 9878297
    },
    "fold_6": {
      "test_LL": -508.2181114924501,
      "train_BIC": -4961.663093578104,
      "learning_time": 5232080
    },
    "fold_7": {
      "test_LL": -513.1292028057877,
      "train_BIC": -4904.622386270316,
      "learning_time": 7355836
    },
    "fold_8": {
      "test_LL": -516.2852758151436,
      "train_BIC": -4962.283134307755,
      "learning_time": 22929662
    },
    "fold_9": {
      "test_LL": -517.9278442218265,
      "train_BIC": -5145.383129180526,
      "learning_time": 8718634
    },
    "fold_10": {
      "test_LL": -540.9100205818537,
      "train_BIC": -4847.980330718711,
      "learning_time": 6488007
    }
  }
}