{
  "average_accuracy": 0.3132373113854595,
  "average_learning_time": 0.01,
  "runs": {
    "run_1": {
      "accuracy": 0.3122856652949246,
      "learning_time": 6
    },
    "run_2": {
      "accuracy": 0.3120713305898491,
      "learning_time": 13
    },
    "run_3": {
      "accuracy": 0.31310013717421126,
      "learning_time": 11
    },
    "run_4": {
      "accuracy": 0.31391460905349794,
      "learning_time": 8
    },
    "run_5": {
      "accuracy": 0.3148148148148148,
      "learning_time": 12
    }
  }
}