{
  "average_accuracy": 0.3149605624142661,
  "average_learning_time": 0.008199999999999999,
  "runs": {
    "run_1": {
      "accuracy": 0.3144718792866941,
      "learning_time": 7
    },
    "run_2": {
      "accuracy": 0.314429012345679,
      "learning_time": 7
    },
    "run_3": {
      "accuracy": 0.3147147919524463,
      "learning_time": 12
    },
    "run_4": {
      "accuracy": 0.3147290809327846,
      "learning_time": 9
    },
    "run_5": {
      "accuracy": 0.3164580475537266,
      "learning_time": 6
    }
  }
}