{
  "average_accuracy": 0.3148593964334705,
  "average_learning_time": 0.0114,
  "runs": {
    "run_1": {
      "accuracy": 0.3153292181069959,
      "learning_time": 12
    },
    "run_2": {
      "accuracy": 0.31478052126200273,
      "learning_time": 12
    },
    "run_3": {
      "accuracy": 0.31421467764060357,
      "learning_time": 11
    },
    "run_4": {
      "accuracy": 0.31419753086419755,
      "learning_time": 11
    },
    "run_5": {
      "accuracy": 0.3157750342935528,
      "learning_time": 11
    }
  }
}