{
  "average_accuracy": 0.4110310928212163,
  "average_learning_time": 759.2536,
  "runs": {
    "run_1": {
      "accuracy": 0.410579561042524,
      "learning_time": 715584
    },
    "run_2": {
      "accuracy": 0.4115797896662094,
      "learning_time": 675738
    },
    "run_3": {
      "accuracy": 0.40983653406492915,
      "learning_time": 726877
    },
    "run_4": {
      "accuracy": 0.4137517146776406,
      "learning_time": 1281276
    },
    "run_5": {
      "accuracy": 0.40940786465477824,
      "learning_time": 396793
    }
  }
}