{
    "average_learning_time": 0.48320083007812503,
    "average_accuracy": 0.328849451303155,
    "runs": {
        "run_1": {
            "accuracy": 0.3330761316872428,
            "learning_time": 481.747314453125
        },
        "run_2": {
            "accuracy": 0.3248028120713306,
            "learning_time": 470.468994140625
        },
        "run_3": {
            "accuracy": 0.33316186556927296,
            "learning_time": 571.505859375
        },
        "run_4": {
            "accuracy": 0.3244598765432099,
            "learning_time": 457.77880859375
        },
        "run_5": {
            "accuracy": 0.3287465706447188,
            "learning_time": 434.503173828125
        }
    }
}