{
    "average_learning_time": 0.17105515136718752,
    "average_test_LL": -3606.7529035660255,
    "folds": {
        "fold_1": {
            "learning_time": 170.980224609375,
            "test_LL": -3087.382168302788
        },
        "fold_10": {
            "learning_time": 180.327880859375,
            "test_LL": -3354.966055573418
        },
        "fold_2": {
            "learning_time": 170.184326171875,
            "test_LL": -3123.12605548067
        },
        "fold_3": {
            "learning_time": 171.29443359375,
            "test_LL": -3516.994546841139
        },
        "fold_4": {
            "learning_time": 168.8310546875,
            "test_LL": -3745.160359570099
        },
        "fold_5": {
            "learning_time": 166.953125,
            "test_LL": -3781.0430170239633
        },
        "fold_6": {
            "learning_time": 170.2421875,
            "test_LL": -4220.00728546824
        },
        "fold_7": {
            "learning_time": 167.162109375,
            "test_LL": -3766.970652387449
        },
        "fold_8": {
            "learning_time": 177.308837890625,
            "test_LL": -3755.4447023261087
        },
        "fold_9": {
            "learning_time": 167.267333984375,
            "test_LL": -3716.434192686384
        }
    }
}