{
  "average_learning_time": 5418.1655,
  "average_test_LL": -6047.791400289461,
  "average_train_BIC": -54186.834312496496,
  "folds": {
    "fold_1": {
      "test_LL": -5952.016171521231,
      "train_BIC": -53984.133628207026,
      "learning_time": 5493546
    },
    "fold_2": {
      "test_LL": -6110.748981533736,
      "train_BIC": -54515.00966193309,
      "learning_time": 4737912
    },
    "fold_3": {
      "test_LL": -5864.817928146781,
      "train_BIC": -54121.24167337831,
      "learning_time": 5250876
    },
    "fold_4": {
      "test_LL": -6541.7791428594455,
      "train_BIC": -54360.6936739217,
      "learning_time": 5308397
    },
    "fold_5": {
      "test_LL": -5980.426621786433,
      "train_BIC": -54694.074024758345,
      "learning_time": 4679701
    },
    "fold_6": {
      "test_LL": -5956.7141193859015,
      "train_BIC": -53723.63395373514,
      "learning_time": 6571326
    },
    "fold_7": {
      "test_LL": -5893.753214881797,
      "train_BIC": -54162.710039880236,
      "learning_time": 6344674
    },
    "fold_8": {
      "test_LL": -6088.149770163743,
      "train_BIC": -53982.26412867828,
      "learning_time": 5543691
    },
    "fold_9": {
      "test_LL": -5991.176596360029,
      "train_BIC": -54092.763987359074,
      "learning_time": 4898460
    },
    "fold_10": {
      "test_LL": -6098.331456255515,
      "train_BIC": -54231.818353113726,
      "learning_time": 5353072
    }
  }
}