{
    "average_learning_time": 8.464338818359375,
    "average_test_LL": -316.3161183546769,
    "folds": {
        "fold_1": {
            "learning_time": 7834.47607421875,
            "test_LL": -330.06619129171634
        },
        "fold_10": {
            "learning_time": 8045.63818359375,
            "test_LL": -370.28975947571564
        },
        "fold_2": {
            "learning_time": 7302.876953125,
            "test_LL": -230.9704532441996
        },
        "fold_3": {
            "learning_time": 7869.955322265625,
            "test_LL": -209.87655423109882
        },
        "fold_4": {
            "learning_time": 8376.032958984375,
            "test_LL": -324.5876166328717
        },
        "fold_5": {
            "learning_time": 10623.00927734375,
            "test_LL": -334.1532762024858
        },
        "fold_6": {
            "learning_time": 9712.51416015625,
            "test_LL": -341.93396711246766
        },
        "fold_7": {
            "learning_time": 9836.84423828125,
            "test_LL": -389.4500934374212
        },
        "fold_8": {
            "learning_time": 7126.66455078125,
            "test_LL": -260.1228702646008
        },
        "fold_9": {
            "learning_time": 7915.37646484375,
            "test_LL": -371.71040165419174
        }
    }
}