{
    "average_learning_time": 1.67675087890625,
    "average_test_LL": -2211.001213837282,
    "folds": {
        "fold_1": {
            "learning_time": 1867.23974609375,
            "test_LL": -2143.7776990857988
        },
        "fold_10": {
            "learning_time": 1878.979248046875,
            "test_LL": -2359.4740861688524
        },
        "fold_2": {
            "learning_time": 1964.673095703125,
            "test_LL": -2157.4558279857756
        },
        "fold_3": {
            "learning_time": 1569.372802734375,
            "test_LL": -2442.0337029394423
        },
        "fold_4": {
            "learning_time": 1917.197509765625,
            "test_LL": -2536.189365323396
        },
        "fold_5": {
            "learning_time": 1981.44580078125,
            "test_LL": -2230.715162381909
        },
        "fold_6": {
            "learning_time": 1540.998046875,
            "test_LL": -2235.341602182595
        },
        "fold_7": {
            "learning_time": 1349.28564453125,
            "test_LL": -2058.2079947130333
        },
        "fold_8": {
            "learning_time": 1274.364501953125,
            "test_LL": -2077.2342008333762
        },
        "fold_9": {
            "learning_time": 1423.952392578125,
            "test_LL": -1869.5824967586464
        }
    }
}