{
    "average_accuracy": 0.6313532865086128,
    "average_learning_time": 86.01214091796875,
    "runs": {
        "run_1": {
            "accuracy": 0.6231838647181307,
            "learning_time": 85640.3681640625
        },
        "run_2": {
            "accuracy": 0.644333987523876,
            "learning_time": 86851.65966796875
        },
        "run_3": {
            "accuracy": 0.6408259255572857,
            "learning_time": 84670.16088867188
        },
        "run_4": {
            "accuracy": 0.6261223332389376,
            "learning_time": 85621.66015625
        },
        "run_5": {
            "accuracy": 0.6223003215048333,
            "learning_time": 87276.85571289062
        }
    }
}