{
  "average_accuracy": 0.7124907612712491,
  "average_learning_time": 107.2548,
  "runs": {
    "run_1": {
      "accuracy": 0.713229859571323,
      "learning_time": 94000
    },
    "run_2": {
      "accuracy": 0.704360679970436,
      "learning_time": 99268
    },
    "run_3": {
      "accuracy": 0.7124907612712491,
      "learning_time": 151125
    },
    "run_4": {
      "accuracy": 0.7250554323725056,
      "learning_time": 94419
    },
    "run_5": {
      "accuracy": 0.7073170731707317,
      "learning_time": 97462
    }
  }
}