{
  "average_accuracy": 0.5261394432126139,
  "average_learning_time": 4.0E-4,
  "runs": {
    "run_1": {
      "accuracy": 0.527469820152747,
      "learning_time": 1
    },
    "run_2": {
      "accuracy": 0.5234047795023404,
      "learning_time": 1
    },
    "run_3": {
      "accuracy": 0.5293175659029318,
      "learning_time": 0
    },
    "run_4": {
      "accuracy": 0.5285784676028579,
      "learning_time": 0
    },
    "run_5": {
      "accuracy": 0.5219265829021926,
      "learning_time": 0
    }
  }
}