{
  "average_accuracy": 0.9111111111111111,
  "average_learning_time": 1.2332,
  "runs": {
    "run_1": {
      "accuracy": 0.8947368421052632,
      "learning_time": 731
    },
    "run_2": {
      "accuracy": 0.8888888888888888,
      "learning_time": 1357
    },
    "run_3": {
      "accuracy": 0.9473684210526315,
      "learning_time": 1380
    },
    "run_4": {
      "accuracy": 0.8713450292397661,
      "learning_time": 1368
    },
    "run_5": {
      "accuracy": 0.9532163742690059,
      "learning_time": 1330
    }
  }
}