{
  "average_accuracy": 0.5812865497076023,
  "average_learning_time": 4.0E-4,
  "runs": {
    "run_1": {
      "accuracy": 0.49122807017543857,
      "learning_time": 0
    },
    "run_2": {
      "accuracy": 0.6081871345029239,
      "learning_time": 1
    },
    "run_3": {
      "accuracy": 0.6257309941520468,
      "learning_time": 0
    },
    "run_4": {
      "accuracy": 0.5730994152046783,
      "learning_time": 1
    },
    "run_5": {
      "accuracy": 0.6081871345029239,
      "learning_time": 0
    }
  }
}