{
  "average_accuracy": 0.5818713450292398,
  "average_learning_time": 4.0E-4,
  "runs": {
    "run_1": {
      "accuracy": 0.5467836257309941,
      "learning_time": 1
    },
    "run_2": {
      "accuracy": 0.5964912280701754,
      "learning_time": 0
    },
    "run_3": {
      "accuracy": 0.6286549707602339,
      "learning_time": 0
    },
    "run_4": {
      "accuracy": 0.5672514619883041,
      "learning_time": 0
    },
    "run_5": {
      "accuracy": 0.5701754385964912,
      "learning_time": 1
    }
  }
}