{
  "average_accuracy": 0.5686465433300876,
  "average_learning_time": 2.0E-4,
  "runs": {
    "run_1": {
      "accuracy": 0.5666991236611489,
      "learning_time": 0
    },
    "run_2": {
      "accuracy": 0.5569620253164557,
      "learning_time": 0
    },
    "run_3": {
      "accuracy": 0.5686465433300877,
      "learning_time": 1
    },
    "run_4": {
      "accuracy": 0.5628042843232717,
      "learning_time": 0
    },
    "run_5": {
      "accuracy": 0.5881207400194742,
      "learning_time": 0
    }
  }
}