{
  "average_accuracy": 0.5684210526315789,
  "average_learning_time": 2.0E-4,
  "runs": {
    "run_1": {
      "accuracy": 0.5687134502923976,
      "learning_time": 0
    },
    "run_2": {
      "accuracy": 0.5584795321637427,
      "learning_time": 1
    },
    "run_3": {
      "accuracy": 0.5760233918128655,
      "learning_time": 0
    },
    "run_4": {
      "accuracy": 0.5467836257309941,
      "learning_time": 0
    },
    "run_5": {
      "accuracy": 0.5921052631578947,
      "learning_time": 0
    }
  }
}