{
    "average_learning_time": 0.036806005859375,
    "average_accuracy": 0.85906432748538,
    "runs": {
        "run_1": {
            "accuracy": 0.8713450292397661,
            "learning_time": 35.135498046875
        },
        "run_2": {
            "accuracy": 0.8654970760233918,
            "learning_time": 33.18359375
        },
        "run_3": {
            "accuracy": 0.8713450292397661,
            "learning_time": 36.112548828125
        },
        "run_4": {
            "accuracy": 0.827485380116959,
            "learning_time": 35.678466796875
        },
        "run_5": {
            "accuracy": 0.8596491228070176,
            "learning_time": 43.919921875
        }
    }
}