{
    "average_accuracy": 0.9364207571266145,
    "average_learning_time": 31.307737646484377,
    "runs": {
        "run_1": {
            "accuracy": 0.9305919831888989,
            "learning_time": 33380.90380859375
        },
        "run_2": {
            "accuracy": 0.9400132823926541,
            "learning_time": 30183.791259765625
        },
        "run_3": {
            "accuracy": 0.9221980368979222,
            "learning_time": 31211.52783203125
        },
        "run_4": {
            "accuracy": 0.9491214123848343,
            "learning_time": 30271.042724609375
        },
        "run_5": {
            "accuracy": 0.940179070768763,
            "learning_time": 31491.422607421875
        }
    }
}