{
  "test_LL": -5705.752967581599,
  "train_BIC": -54463.35552384622,
  "learning_time": 2103987947
}