{
  "test_LL": -5988.137882053004,
  "train_BIC": -53219.26303287475,
  "learning_time": 295446901
}