{
  "test_LL": -5806.123849104883,
  "train_BIC": -52975.05991055411,
  "learning_time": 392038889
}