{
  "test_LL": -5834.530877015645,
  "train_BIC": -53331.77517122682,
  "learning_time": 497901747
}