{
  "test_LL": -5662.037630107438,
  "train_BIC": -53429.968083414125,
  "learning_time": 763166060
}