{
  "test_LL": -5830.453085277548,
  "train_BIC": -54698.440714452256,
  "learning_time": 808442400
}