{
  "test_LL": -5783.763167616961,
  "train_BIC": -53094.24188325855,
  "learning_time": 646039340
}