{
  "test_LL": -5737.325342856326,
  "train_BIC": -53215.06699421273,
  "learning_time": 300611757
}