{
  "test_LL": -5739.772670855099,
  "train_BIC": -52254.47361607024,
  "learning_time": 464035698
}