{
  "test_LL": -5777.633753701104,
  "train_BIC": -50381.37388467566,
  "learning_time": 1088722803
}