{
    "average_learning_time": 4.4825009765625,
    "average_test_LL": -1258.7552329139494,
    "folds": {
        "fold_1": {
            "learning_time": 4608.897216796875,
            "test_LL": -2108.1532157526963
        },
        "fold_10": {
            "learning_time": 3262.809814453125,
            "test_LL": -1800.07214396081
        },
        "fold_2": {
            "learning_time": 3707.496337890625,
            "test_LL": -955.4763831209812
        },
        "fold_3": {
            "learning_time": 5960.944091796875,
            "test_LL": -1313.4597329501723
        },
        "fold_4": {
            "learning_time": 5362.930419921875,
            "test_LL": -1216.7424173679988
        },
        "fold_5": {
            "learning_time": 5978.708740234375,
            "test_LL": -1068.2136608338333
        },
        "fold_6": {
            "learning_time": 3711.977294921875,
            "test_LL": -1203.1384739271668
        },
        "fold_7": {
            "learning_time": 4929.54833984375,
            "test_LL": -1208.52200106286
        },
        "fold_8": {
            "learning_time": 3469.398681640625,
            "test_LL": -709.4437682370817
        },
        "fold_9": {
            "learning_time": 3832.298828125,
            "test_LL": -1004.3305319258945
        }
    }
}