{
    "average_learning_time": 0.086128466796875,
    "average_nrmse": 0.11462780505919604,
    "runs": {
        "run_1": {
            "learning_time": 82.057373046875,
            "nrmse": 0.10988993381250227
        },
        "run_2": {
            "learning_time": 77.104736328125,
            "nrmse": 0.11965273945229463
        },
        "run_3": {
            "learning_time": 94.671875,
            "nrmse": 0.10684442835841247
        },
        "run_4": {
            "learning_time": 75.732666015625,
            "nrmse": 0.11744266410800337
        },
        "run_5": {
            "learning_time": 101.07568359375,
            "nrmse": 0.11930925956476743
        }
    }
}