{
    "average_learning_time": 11882.43,
    "average_nrmse": 0.12446642003844663,
    "runs": {
        "run_1": {
            "learning_time": 11829167,
            "nrmse": 0.12563246179011758
        },
        "run_2": {
            "learning_time": 12274539,
            "nrmse": 0.1228044374541931
        },
        "run_3": {
            "learning_time": 11915740,
            "nrmse": 0.12534210149831085
        },
        "run_4": {
            "learning_time": 12343106,
            "nrmse": 0.12431373333728349
        },
        "run_5": {
            "learning_time": 10996333,
            "nrmse": 0.12540540786399915
        }
    }
}