{
    "average_learning_time": 0.235536962890625,
    "average_nrmse": 0.05301474940379343,
    "runs": {
        "run_1": {
            "learning_time": 259.6171875,
            "nrmse": 0.051883445667649984
        },
        "run_2": {
            "learning_time": 228.930908203125,
            "nrmse": 0.05922338119121179
        },
        "run_3": {
            "learning_time": 232.32861328125,
            "nrmse": 0.050943926324104195
        },
        "run_4": {
            "learning_time": 229.361328125,
            "nrmse": 0.0546285837139064
        },
        "run_5": {
            "learning_time": 227.44677734375,
            "nrmse": 0.048394410122094764
        }
    }
}