{
    "average_learning_time": 4030.504,
    "average_nrmse": 0.19057159619249936,
    "runs": {
        "run_1": {
            "learning_time": 4108517,
            "nrmse": 0.18955791661000965
        },
        "run_2": {
            "learning_time": 4041285,
            "nrmse": 0.1888447582271923
        },
        "run_3": {
            "learning_time": 3991642,
            "nrmse": 0.19230278611761512
        },
        "run_4": {
            "learning_time": 4120025,
            "nrmse": 0.1919655634160866
        },
        "run_5": {
            "learning_time": 3969065,
            "nrmse": 0.18917327700910344
        }
    }
}