{
    "average_learning_time": 143.33695048828127,
    "average_nrmse": 0.13749164443344955,
    "runs": {
        "run_1": {
            "learning_time": 143453.61572265625,
            "nrmse": 0.13517543656345615
        },
        "run_2": {
            "learning_time": 140949.83056640625,
            "nrmse": 0.14349273702986004
        },
        "run_3": {
            "learning_time": 144905.78051757812,
            "nrmse": 0.13613411839147718
        },
        "run_4": {
            "learning_time": 146241.09619140625,
            "nrmse": 0.13747299259429138
        },
        "run_5": {
            "learning_time": 141134.42944335938,
            "nrmse": 0.135182937588163
        }
    }
}