{
    "average_learning_time": 159.9687862792969,
    "average_nrmse": 0.148108616613399,
    "runs": {
        "run_1": {
            "learning_time": 139729.9375,
            "nrmse": 0.1471427623493808
        },
        "run_2": {
            "learning_time": 154824.83740234375,
            "nrmse": 0.15042709207308524
        },
        "run_3": {
            "learning_time": 164271.11303710938,
            "nrmse": 0.14934314643954388
        },
        "run_4": {
            "learning_time": 170086.72314453125,
            "nrmse": 0.15019596988097073
        },
        "run_5": {
            "learning_time": 170931.3203125,
            "nrmse": 0.14343411232401432
        }
    }
}