{
    "average_learning_time": 0.21200869140625,
    "average_nrmse": 0.07148898805288048,
    "runs": {
        "run_1": {
            "learning_time": 205.936767578125,
            "nrmse": 0.07363247930899117
        },
        "run_2": {
            "learning_time": 232.792236328125,
            "nrmse": 0.06946928044644415
        },
        "run_3": {
            "learning_time": 195.23779296875,
            "nrmse": 0.06506085486674032
        },
        "run_4": {
            "learning_time": 222.562744140625,
            "nrmse": 0.07425205363219244
        },
        "run_5": {
            "learning_time": 203.513916015625,
            "nrmse": 0.0750302720100343
        }
    }
}