{
    "average_learning_time": 9476.036,
    "average_nrmse": 0.18986563492224237,
    "runs": {
        "run_1": {
            "learning_time": 9343822,
            "nrmse": 0.1911577220968058
        },
        "run_2": {
            "learning_time": 9512159,
            "nrmse": 0.2016395163193909
        },
        "run_3": {
            "learning_time": 10126832,
            "nrmse": 0.18236496991391524
        },
        "run_4": {
            "learning_time": 9275542,
            "nrmse": 0.18573484699339493
        },
        "run_5": {
            "learning_time": 8989612,
            "nrmse": 0.18972320646226837
        }
    }
}