{
    "average_learning_time": 143.88990991210937,
    "average_nrmse": 0.10828311605011007,
    "runs": {
        "run_1": {
            "learning_time": 139823.654296875,
            "nrmse": 0.11145481524875744
        },
        "run_2": {
            "learning_time": 150895.63647460938,
            "nrmse": 0.10967770704492592
        },
        "run_3": {
            "learning_time": 137129.03173828125,
            "nrmse": 0.10336302162742973
        },
        "run_4": {
            "learning_time": 137851.1630859375,
            "nrmse": 0.10933798932296815
        },
        "run_5": {
            "learning_time": 153750.06396484375,
            "nrmse": 0.10758204700646912
        }
    }
}