{
    "average_learning_time": 0.2139787109375,
    "average_nrmse": 0.08184265883177894,
    "runs": {
        "run_1": {
            "learning_time": 213.311279296875,
            "nrmse": 0.08864791505380996
        },
        "run_2": {
            "learning_time": 187.393310546875,
            "nrmse": 0.08354633839675334
        },
        "run_3": {
            "learning_time": 222.52783203125,
            "nrmse": 0.07628926754373756
        },
        "run_4": {
            "learning_time": 232.9169921875,
            "nrmse": 0.07785842915405117
        },
        "run_5": {
            "learning_time": 213.744140625,
            "nrmse": 0.08287134401054264
        }
    }
}