{
    "average_learning_time": 0.06423500976562499,
    "average_nrmse": 0.14080307649921664,
    "runs": {
        "run_1": {
            "learning_time": 55.631103515625,
            "nrmse": 0.136536724526866
        },
        "run_2": {
            "learning_time": 65.93505859375,
            "nrmse": 0.14743231874642257
        },
        "run_3": {
            "learning_time": 71.247314453125,
            "nrmse": 0.14284285922342424
        },
        "run_4": {
            "learning_time": 61.01806640625,
            "nrmse": 0.14163244299631508
        },
        "run_5": {
            "learning_time": 67.343505859375,
            "nrmse": 0.13557103700305537
        }
    }
}