{
    "average_learning_time": 130.59769877929688,
    "average_nrmse": 0.12330310214250559,
    "runs": {
        "run_1": {
            "learning_time": 129134.525390625,
            "nrmse": 0.12226284184401749
        },
        "run_2": {
            "learning_time": 128899.77587890625,
            "nrmse": 0.12446148827999406
        },
        "run_3": {
            "learning_time": 129925.17016601562,
            "nrmse": 0.12255265290031299
        },
        "run_4": {
            "learning_time": 132266.81372070312,
            "nrmse": 0.12606755724954455
        },
        "run_5": {
            "learning_time": 132762.20874023438,
            "nrmse": 0.12117097043865888
        }
    }
}