{
    "average_learning_time": 158.65485336914062,
    "average_nrmse": 0.09572878785351639,
    "runs": {
        "run_1": {
            "learning_time": 157457.69165039062,
            "nrmse": 0.09886814550057463
        },
        "run_2": {
            "learning_time": 156526.31372070312,
            "nrmse": 0.09636670627514346
        },
        "run_3": {
            "learning_time": 161258.4072265625,
            "nrmse": 0.09853705830209994
        },
        "run_4": {
            "learning_time": 159265.96313476562,
            "nrmse": 0.09310719011452391
        },
        "run_5": {
            "learning_time": 158765.89111328125,
            "nrmse": 0.09176483907524008
        }
    }
}