{
    "average_learning_time": 144.53331499023437,
    "average_nrmse": 0.11459572122173589,
    "runs": {
        "run_1": {
            "learning_time": 155979.5576171875,
            "nrmse": 0.11706088096503203
        },
        "run_2": {
            "learning_time": 143493.73706054688,
            "nrmse": 0.11662977940407442
        },
        "run_3": {
            "learning_time": 141621.36303710938,
            "nrmse": 0.10937027033615607
        },
        "run_4": {
            "learning_time": 139701.06616210938,
            "nrmse": 0.11942688478557072
        },
        "run_5": {
            "learning_time": 141870.85107421875,
            "nrmse": 0.11049079061784611
        }
    }
}