{
    "average_learning_time": 0.164967578125,
    "average_nrmse": 0.09756604470494147,
    "runs": {
        "run_1": {
            "learning_time": 153.232177734375,
            "nrmse": 0.09781432401303894
        },
        "run_2": {
            "learning_time": 126.880126953125,
            "nrmse": 0.09520174853201009
        },
        "run_3": {
            "learning_time": 211.321533203125,
            "nrmse": 0.10047813964469067
        },
        "run_4": {
            "learning_time": 213.31396484375,
            "nrmse": 0.09439954844490496
        },
        "run_5": {
            "learning_time": 120.090087890625,
            "nrmse": 0.09993646289006268
        }
    }
}