{
    "average_learning_time": 2.8469235107421875,
    "average_test_LL": -610.127348708162,
    "folds": {
        "fold_1": {
            "learning_time": 3753.4462890625,
            "test_LL": -637.6682826447238
        },
        "fold_10": {
            "learning_time": 2275.693359375,
            "test_LL": -687.1334368964722
        },
        "fold_2": {
            "learning_time": 1886.16162109375,
            "test_LL": -343.2696931741199
        },
        "fold_3": {
            "learning_time": 3125.384521484375,
            "test_LL": -575.0932710247048
        },
        "fold_4": {
            "learning_time": 2468.223876953125,
            "test_LL": -1197.046381750662
        },
        "fold_5": {
            "learning_time": 3376.50732421875,
            "test_LL": -441.51276551651944
        },
        "fold_6": {
            "learning_time": 2271.3642578125,
            "test_LL": -617.5782760096264
        },
        "fold_7": {
            "learning_time": 3677.070556640625,
            "test_LL": -446.019858499443
        },
        "fold_8": {
            "learning_time": 3233.78759765625,
            "test_LL": -460.9630901608582
        },
        "fold_9": {
            "learning_time": 2401.595703125,
            "test_LL": -694.9884314044907
        }
    }
}