{
    "average_learning_time": 4.1246427734375,
    "average_test_LL": -15288.309050060245,
    "folds": {
        "fold_1": {
            "learning_time": 4945.56298828125,
            "test_LL": -13886.008089130914
        },
        "fold_10": {
            "learning_time": 3852.578125,
            "test_LL": -14722.094850727754
        },
        "fold_2": {
            "learning_time": 2666.1630859375,
            "test_LL": -15315.671995016935
        },
        "fold_3": {
            "learning_time": 3992.30078125,
            "test_LL": -16250.508499115265
        },
        "fold_4": {
            "learning_time": 4432.489990234375,
            "test_LL": -17077.97068685731
        },
        "fold_5": {
            "learning_time": 4515.031982421875,
            "test_LL": -14223.76782585048
        },
        "fold_6": {
            "learning_time": 5106.746337890625,
            "test_LL": -15161.467191292664
        },
        "fold_7": {
            "learning_time": 3752.606201171875,
            "test_LL": -15251.268349441196
        },
        "fold_8": {
            "learning_time": 3764.39990234375,
            "test_LL": -16409.04057997255
        },
        "fold_9": {
            "learning_time": 4218.54833984375,
            "test_LL": -14585.29243319738
        }
    }
}