{
  "average_learning_time": 2.564,
  "average_test_LL": -380.16116492243,
  "average_train_BIC": -3443.841527507917,
  "folds": {
    "fold_1": {
      "test_LL": -375.95737548463376,
      "train_BIC": -3447.95073905482,
      "learning_time": 3112
    },
    "fold_2": {
      "test_LL": -373.4345891262162,
      "train_BIC": -3450.3026195524635,
      "learning_time": 2389
    },
    "fold_3": {
      "test_LL": -383.7168345722994,
      "train_BIC": -3439.926297926064,
      "learning_time": 3225
    },
    "fold_4": {
      "test_LL": -362.2598631014259,
      "train_BIC": -3461.660160751866,
      "learning_time": 2357
    },
    "fold_5": {
      "test_LL": -392.71190314110004,
      "train_BIC": -3431.3793799908103,
      "learning_time": 2458
    },
    "fold_6": {
      "test_LL": -374.0876115485097,
      "train_BIC": -3449.9301953666954,
      "learning_time": 2540
    },
    "fold_7": {
      "test_LL": -395.5740367340071,
      "train_BIC": -3429.8570775389085,
      "learning_time": 2463
    },
    "fold_8": {
      "test_LL": -355.2132742238459,
      "train_BIC": -3468.7178868593787,
      "learning_time": 2481
    },
    "fold_9": {
      "test_LL": -383.0850707250538,
      "train_BIC": -3440.7489184533083,
      "learning_time": 2380
    },
    "fold_10": {
      "test_LL": -405.57109056720805,
      "train_BIC": -3417.941999584856,
      "learning_time": 2235
    }
  }
}