{
    "average_learning_time": 1.993615234375,
    "average_test_LL": -194.35648928894958,
    "folds": {
        "fold_1": {
            "learning_time": 3041.8466796875,
            "test_LL": -233.70362517262103
        },
        "fold_10": {
            "learning_time": 1541.51513671875,
            "test_LL": -270.267923445082
        },
        "fold_2": {
            "learning_time": 2580.57080078125,
            "test_LL": -473.2852744023269
        },
        "fold_3": {
            "learning_time": 1041.365478515625,
            "test_LL": -52.15629545449795
        },
        "fold_4": {
            "learning_time": 1431.619873046875,
            "test_LL": 16.685407266866513
        },
        "fold_5": {
            "learning_time": 2163.420654296875,
            "test_LL": -52.99901059699097
        },
        "fold_6": {
            "learning_time": 2712.131103515625,
            "test_LL": -256.68488267068125
        },
        "fold_7": {
            "learning_time": 1549.743408203125,
            "test_LL": -26.789043019512484
        },
        "fold_8": {
            "learning_time": 2534.27978515625,
            "test_LL": -515.4590358610276
        },
        "fold_9": {
            "learning_time": 1339.659423828125,
            "test_LL": -78.9052095336219
        }
    }
}