{
  "average_learning_time": 3883.3988999999997,
  "average_test_LL": -291.21924557834996,
  "average_train_BIC": -2995.4976430084075,
  "folds": {
    "fold_1": {
      "test_LL": -296.31057097214176,
      "train_BIC": -2946.5111878943017,
      "learning_time": 4064540
    },
    "fold_2": {
      "test_LL": -239.59871002543625,
      "train_BIC": -3068.8974292123626,
      "learning_time": 4158248
    },
    "fold_3": {
      "test_LL": -211.20540535672544,
      "train_BIC": -3036.6029258551675,
      "learning_time": 3730022
    },
    "fold_4": {
      "test_LL": -326.841360012515,
      "train_BIC": -3011.269547488683,
      "learning_time": 4308525
    },
    "fold_5": {
      "test_LL": -288.75046561326553,
      "train_BIC": -3009.7396323869343,
      "learning_time": 3626211
    },
    "fold_6": {
      "test_LL": -293.71041954417115,
      "train_BIC": -3043.001592030656,
      "learning_time": 3586150
    },
    "fold_7": {
      "test_LL": -321.91152956239955,
      "train_BIC": -2914.995255855157,
      "learning_time": 3614269
    },
    "fold_8": {
      "test_LL": -252.2630697650673,
      "train_BIC": -3076.606451181978,
      "learning_time": 3679915
    },
    "fold_9": {
      "test_LL": -316.9994140601518,
      "train_BIC": -2996.3480955303444,
      "learning_time": 3759636
    },
    "fold_10": {
      "test_LL": -364.6015108716253,
      "train_BIC": -2851.004312648488,
      "learning_time": 4306473
    }
  }
}