{
    "average_learning_time": 0.8616514579101562,
    "average_test_LL": -328.25123891890877,
    "folds": {
        "fold_1": {
            "learning_time": 818.0778754882812,
            "test_LL": -355.59515349836465
        },
        "fold_10": {
            "learning_time": 701.5078432617188,
            "test_LL": -514.673224714426
        },
        "fold_2": {
            "learning_time": 972.5750983886719,
            "test_LL": -310.2016178524754
        },
        "fold_3": {
            "learning_time": 110.75622883300781,
            "test_LL": -296.3747385723948
        },
        "fold_4": {
            "learning_time": 112.3424896484375,
            "test_LL": -322.13379965083516
        },
        "fold_5": {
            "learning_time": 970.9078195800781,
            "test_LL": -303.88583887190964
        },
        "fold_6": {
            "learning_time": 734.6198481445312,
            "test_LL": -310.6571512574217
        },
        "fold_7": {
            "learning_time": 736.5416083984375,
            "test_LL": -306.76296706865537
        },
        "fold_8": {
            "learning_time": 721.5725153808594,
            "test_LL": -284.1779409584746
        },
        "fold_9": {
            "learning_time": 729.7247856445312,
            "test_LL": -278.0499567441303
        }
    }
}