{
    "average_learning_time": 0.8417667724609376,
    "average_test_LL": -7151.065034025797,
    "folds": {
        "fold_1": {
            "learning_time": 775.634521484375,
            "test_LL": -7137.976541860098
        },
        "fold_10": {
            "learning_time": 847.807373046875,
            "test_LL": -7155.200312636501
        },
        "fold_2": {
            "learning_time": 776.06005859375,
            "test_LL": -7151.676415817018
        },
        "fold_3": {
            "learning_time": 857.79443359375,
            "test_LL": -7074.740457384306
        },
        "fold_4": {
            "learning_time": 836.212890625,
            "test_LL": -7414.878716378487
        },
        "fold_5": {
            "learning_time": 776.9169921875,
            "test_LL": -7108.1908393432595
        },
        "fold_6": {
            "learning_time": 813.26318359375,
            "test_LL": -7087.625793977288
        },
        "fold_7": {
            "learning_time": 862.35498046875,
            "test_LL": -7096.852477211787
        },
        "fold_8": {
            "learning_time": 1020.751220703125,
            "test_LL": -7158.286082893533
        },
        "fold_9": {
            "learning_time": 850.8720703125,
            "test_LL": -7125.2227027556955
        }
    }
}