{
    "average_learning_time": 1.495560302734375,
    "average_test_LL": -88.88684588226167,
    "folds": {
        "fold_1": {
            "learning_time": 1511.859130859375,
            "test_LL": -93.24245244171632
        },
        "fold_10": {
            "learning_time": 1287.237548828125,
            "test_LL": -103.50646752839074
        },
        "fold_2": {
            "learning_time": 1516.427734375,
            "test_LL": -81.94386910915746
        },
        "fold_3": {
            "learning_time": 1394.957275390625,
            "test_LL": -79.94685584646041
        },
        "fold_4": {
            "learning_time": 1611.172607421875,
            "test_LL": -83.94988224823214
        },
        "fold_5": {
            "learning_time": 1466.563232421875,
            "test_LL": -88.1415655742828
        },
        "fold_6": {
            "learning_time": 1487.2314453125,
            "test_LL": -85.85874208050711
        },
        "fold_7": {
            "learning_time": 1665.46044921875,
            "test_LL": -89.05830980174508
        },
        "fold_8": {
            "learning_time": 1436.14208984375,
            "test_LL": -100.20587682224188
        },
        "fold_9": {
            "learning_time": 1578.551513671875,
            "test_LL": -83.01443736988276
        }
    }
}