{
    "average_learning_time": 3.85739755859375,
    "average_test_LL": -310.73001260374514,
    "folds": {
        "fold_1": {
            "learning_time": 3254.529052734375,
            "test_LL": -322.2368599279392
        },
        "fold_10": {
            "learning_time": 3914.9130859375,
            "test_LL": -409.7343512785324
        },
        "fold_2": {
            "learning_time": 3359.842041015625,
            "test_LL": -293.0145338049147
        },
        "fold_3": {
            "learning_time": 3478.434814453125,
            "test_LL": -290.0451363285763
        },
        "fold_4": {
            "learning_time": 4039.282958984375,
            "test_LL": -313.0182705388605
        },
        "fold_5": {
            "learning_time": 4925.990966796875,
            "test_LL": -298.75901168473524
        },
        "fold_6": {
            "learning_time": 4072.641357421875,
            "test_LL": -295.9141730451481
        },
        "fold_7": {
            "learning_time": 4018.99853515625,
            "test_LL": -332.5305685843525
        },
        "fold_8": {
            "learning_time": 4147.374755859375,
            "test_LL": -285.7839426793315
        },
        "fold_9": {
            "learning_time": 3361.968017578125,
            "test_LL": -266.2632781650603
        }
    }
}