{
  "average_learning_time": 0.2375,
  "average_test_LL": -187.4842678012549,
  "average_train_BIC": -1750.130851976474,
  "folds": {
    "fold_1": {
      "test_LL": -184.586166381011,
      "train_BIC": -1695.8742572835101,
      "learning_time": 218
    },
    "fold_2": {
      "test_LL": -171.98760709544356,
      "train_BIC": -1711.266608873345,
      "learning_time": 235
    },
    "fold_3": {
      "test_LL": -188.82752990818125,
      "train_BIC": -1786.584734914671,
      "learning_time": 228
    },
    "fold_4": {
      "test_LL": -188.30817516980338,
      "train_BIC": -1785.2197976482003,
      "learning_time": 218
    },
    "fold_5": {
      "test_LL": -182.20323177486387,
      "train_BIC": -1794.2262300238635,
      "learning_time": 308
    },
    "fold_6": {
      "test_LL": -186.26299838144337,
      "train_BIC": -1791.8600417505293,
      "learning_time": 242
    },
    "fold_7": {
      "test_LL": -200.28598914958786,
      "train_BIC": -1674.2977384399358,
      "learning_time": 225
    },
    "fold_8": {
      "test_LL": -165.47499040209982,
      "train_BIC": -1818.803026044954,
      "learning_time": 212
    },
    "fold_9": {
      "test_LL": -181.54115051466627,
      "train_BIC": -1696.2663659876098,
      "learning_time": 223
    },
    "fold_10": {
      "test_LL": -225.36483923544853,
      "train_BIC": -1746.9097187981247,
      "learning_time": 266
    }
  }
}