{
    "average_learning_time": 0.4061730414794922,
    "average_test_LL": -153.2575643288385,
    "folds": {
        "fold_1": {
            "learning_time": 395.05094775390625,
            "test_LL": -166.59183093647692
        },
        "fold_10": {
            "learning_time": 327.4568244628906,
            "test_LL": -156.65841278460624
        },
        "fold_2": {
            "learning_time": 394.3015109863281,
            "test_LL": -141.87055219317298
        },
        "fold_3": {
            "learning_time": 419.12508447265625,
            "test_LL": -170.93169033925201
        },
        "fold_4": {
            "learning_time": 424.4107277832031,
            "test_LL": -150.96201142687795
        },
        "fold_5": {
            "learning_time": 472.8475290527344,
            "test_LL": -148.38409681147144
        },
        "fold_6": {
            "learning_time": 437.7530808105469,
            "test_LL": -151.0833023619032
        },
        "fold_7": {
            "learning_time": 398.7781560058594,
            "test_LL": -145.05135139905653
        },
        "fold_8": {
            "learning_time": 399.50468115234375,
            "test_LL": -152.0110487846424
        },
        "fold_9": {
            "learning_time": 392.5018723144531,
            "test_LL": -149.03134625092525
        }
    }
}