{
  "average_accuracy": 0.6894951140065146,
  "average_learning_time": 0.0,
  "runs": {
    "run_1": {
      "accuracy": 0.6970684039087948,
      "learning_time": 0
    },
    "run_2": {
      "accuracy": 0.6938110749185668,
      "learning_time": 0
    },
    "run_3": {
      "accuracy": 0.6877035830618893,
      "learning_time": 0
    },
    "run_4": {
      "accuracy": 0.6982899022801303,
      "learning_time": 0
    },
    "run_5": {
      "accuracy": 0.6706026058631922,
      "learning_time": 0
    }
  }
}