{
  "average_accuracy": 0.6905537459283387,
  "average_learning_time": 8.0E-4,
  "runs": {
    "run_1": {
      "accuracy": 0.7035830618892508,
      "learning_time": 1
    },
    "run_2": {
      "accuracy": 0.6959826275787188,
      "learning_time": 0
    },
    "run_3": {
      "accuracy": 0.6856677524429967,
      "learning_time": 1
    },
    "run_4": {
      "accuracy": 0.7008686210640608,
      "learning_time": 1
    },
    "run_5": {
      "accuracy": 0.6666666666666666,
      "learning_time": 1
    }
  }
}