{
  "average_accuracy": 0.6908143322475571,
  "average_learning_time": 6.0E-4,
  "runs": {
    "run_1": {
      "accuracy": 0.6931596091205212,
      "learning_time": 1
    },
    "run_2": {
      "accuracy": 0.7009771986970684,
      "learning_time": 1
    },
    "run_3": {
      "accuracy": 0.6863192182410424,
      "learning_time": 0
    },
    "run_4": {
      "accuracy": 0.698371335504886,
      "learning_time": 0
    },
    "run_5": {
      "accuracy": 0.6752442996742671,
      "learning_time": 1
    }
  }
}