{
    "average_learning_time": 4.339226977539062,
    "average_test_LL": -1012.9313043342132,
    "folds": {
        "fold_1": {
            "learning_time": 3479.01318359375,
            "test_LL": -1192.9676202791388
        },
        "fold_10": {
            "learning_time": 3549.939697265625,
            "test_LL": -1454.9002624271027
        },
        "fold_2": {
            "learning_time": 7848.7021484375,
            "test_LL": -1088.6910155244354
        },
        "fold_3": {
            "learning_time": 4072.487548828125,
            "test_LL": -355.1403505160695
        },
        "fold_4": {
            "learning_time": 5018.7080078125,
            "test_LL": -350.2504456500789
        },
        "fold_5": {
            "learning_time": 4462.31884765625,
            "test_LL": -1097.9861154660173
        },
        "fold_6": {
            "learning_time": 2777.658935546875,
            "test_LL": -1277.71525541946
        },
        "fold_7": {
            "learning_time": 2625.729736328125,
            "test_LL": -1256.8397319465182
        },
        "fold_8": {
            "learning_time": 4791.154052734375,
            "test_LL": -866.9546263982681
        },
        "fold_9": {
            "learning_time": 4766.5576171875,
            "test_LL": -1187.8676197150423
        }
    }
}