{
    "average_learning_time": 3.0028165283203125,
    "average_test_LL": -14359.939798465095,
    "folds": {
        "fold_1": {
            "learning_time": 3084.837158203125,
            "test_LL": -14132.955262374477
        },
        "fold_10": {
            "learning_time": 2967.214111328125,
            "test_LL": -14307.052858817595
        },
        "fold_2": {
            "learning_time": 3017.312255859375,
            "test_LL": -14503.01008531102
        },
        "fold_3": {
            "learning_time": 2999.29296875,
            "test_LL": -14468.165416901473
        },
        "fold_4": {
            "learning_time": 2988.662841796875,
            "test_LL": -14525.88082166197
        },
        "fold_5": {
            "learning_time": 3015.41748046875,
            "test_LL": -14353.753717671218
        },
        "fold_6": {
            "learning_time": 3024.50341796875,
            "test_LL": -14318.988436714473
        },
        "fold_7": {
            "learning_time": 2989.865234375,
            "test_LL": -14347.46673223155
        },
        "fold_8": {
            "learning_time": 2972.55712890625,
            "test_LL": -14329.009900614827
        },
        "fold_9": {
            "learning_time": 2968.502685546875,
            "test_LL": -14313.114752352358
        }
    }
}