{
  "average_learning_time": 220342.96709999998,
  "average_test_LL": -2381.2868354870147,
  "average_train_BIC": -21098.589358511323,
  "folds": {
    "fold_1": {
      "test_LL": -2316.949241023761,
      "train_BIC": -22288.974796058916,
      "learning_time": 442866515
    },
    "fold_2": {
      "test_LL": -2317.667713077228,
      "train_BIC": -21687.6054548144,
      "learning_time": 108121621
    },
    "fold_3": {
      "test_LL": -2542.1190677560135,
      "train_BIC": -19476.669811501422,
      "learning_time": 213266520
    },
    "fold_4": {
      "test_LL": -2696.081047899195,
      "train_BIC": -19869.71146690936,
      "learning_time": 136082576
    },
    "fold_5": {
      "test_LL": -2613.0723763866135,
      "train_BIC": -22418.248854418336,
      "learning_time": 102861692
    },
    "fold_6": {
      "test_LL": -2099.9231303626143,
      "train_BIC": -18504.914215739696,
      "learning_time": 332592050
    },
    "fold_7": {
      "test_LL": -2128.783398986434,
      "train_BIC": -21775.179969662408,
      "learning_time": 222416678
    },
    "fold_8": {
      "test_LL": -2506.3626112533243,
      "train_BIC": -21633.418615726543,
      "learning_time": 188458462
    },
    "fold_9": {
      "test_LL": -2020.5799249442246,
      "train_BIC": -20999.028347697174,
      "learning_time": 288910340
    },
    "fold_10": {
      "test_LL": -2571.329843180742,
      "train_BIC": -22332.14205258493,
      "learning_time": 167853217
    }
  }
}