{
    "average_learning_time": 4.290133422851563,
    "average_test_LL": -108.93661173053678,
    "folds": {
        "fold_1": {
            "learning_time": 4495.989013671875,
            "test_LL": -133.76431167411235
        },
        "fold_10": {
            "learning_time": 4656.288330078125,
            "test_LL": -96.83815549662086
        },
        "fold_2": {
            "learning_time": 4914.021240234375,
            "test_LL": -135.65884435893585
        },
        "fold_3": {
            "learning_time": 5160.826416015625,
            "test_LL": -100.95330941073202
        },
        "fold_4": {
            "learning_time": 4241.352294921875,
            "test_LL": -133.7964188924753
        },
        "fold_5": {
            "learning_time": 3785.410400390625,
            "test_LL": -96.53443670739313
        },
        "fold_6": {
            "learning_time": 4320.09814453125,
            "test_LL": -80.56961316978271
        },
        "fold_7": {
            "learning_time": 4694.464111328125,
            "test_LL": -120.16695789816305
        },
        "fold_8": {
            "learning_time": 3572.802734375,
            "test_LL": -79.98845185514057
        },
        "fold_9": {
            "learning_time": 3060.08154296875,
            "test_LL": -111.09561784201222
        }
    }
}