{
    "average_learning_time": 0.0049735595703125,
    "average_test_LL": -146.44475183023638,
    "folds": {
        "fold_1": {
            "learning_time": 4.748779296875,
            "test_LL": -144.96643485625643
        },
        "fold_10": {
            "learning_time": 5.70947265625,
            "test_LL": -166.51642182947495
        },
        "fold_2": {
            "learning_time": 4.861083984375,
            "test_LL": -147.2383547807548
        },
        "fold_3": {
            "learning_time": 4.84814453125,
            "test_LL": -147.09112061694364
        },
        "fold_4": {
            "learning_time": 4.67626953125,
            "test_LL": -143.87745350455975
        },
        "fold_5": {
            "learning_time": 5.547607421875,
            "test_LL": -147.30579492485913
        },
        "fold_6": {
            "learning_time": 4.7109375,
            "test_LL": -145.58857229047726
        },
        "fold_7": {
            "learning_time": 4.675048828125,
            "test_LL": -145.2399177430416
        },
        "fold_8": {
            "learning_time": 4.8828125,
            "test_LL": -135.96076560867488
        },
        "fold_9": {
            "learning_time": 5.075439453125,
            "test_LL": -140.66268214732145
        }
    }
}