{
    "average_learning_time": 28.668127172851563,
    "average_test_LL": -1087.9725909887027,
    "folds": {
        "fold_1": {
            "learning_time": 22422.411376953125,
            "test_LL": -1360.436619668121
        },
        "fold_10": {
            "learning_time": 27286.806640625,
            "test_LL": -1660.470084302425
        },
        "fold_2": {
            "learning_time": 24092.053955078125,
            "test_LL": -896.5600206405608
        },
        "fold_3": {
            "learning_time": 36909.47314453125,
            "test_LL": -1092.6293796250336
        },
        "fold_4": {
            "learning_time": 36468.381103515625,
            "test_LL": -1200.9325599187855
        },
        "fold_5": {
            "learning_time": 31929.046630859375,
            "test_LL": -834.2855617443611
        },
        "fold_6": {
            "learning_time": 25765.728271484375,
            "test_LL": -886.0352792962271
        },
        "fold_7": {
            "learning_time": 19663.582763671875,
            "test_LL": -1265.4785893099504
        },
        "fold_8": {
            "learning_time": 30404.311279296875,
            "test_LL": -575.4688938687013
        },
        "fold_9": {
            "learning_time": 31739.4765625,
            "test_LL": -1107.4289215128601
        }
    }
}