{
    "average_learning_time": 114.77186821289062,
    "average_nrmse": 0.13502721770449277,
    "runs": {
        "run_1": {
            "learning_time": 113564.60278320312,
            "nrmse": 0.13404107674574195
        },
        "run_2": {
            "learning_time": 116119.03051757812,
            "nrmse": 0.13338417987725437
        },
        "run_3": {
            "learning_time": 116277.359375,
            "nrmse": 0.13808970256585382
        },
        "run_4": {
            "learning_time": 113300.08374023438,
            "nrmse": 0.12893524551260502
        },
        "run_5": {
            "learning_time": 114598.2646484375,
            "nrmse": 0.14068588382100863
        }
    }
}