{
    "average_learning_time": 116.3218580078125,
    "average_nrmse": 0.14253259829459744,
    "runs": {
        "run_1": {
            "learning_time": 120211.88061523438,
            "nrmse": 0.14107232416338328
        },
        "run_2": {
            "learning_time": 117741.7763671875,
            "nrmse": 0.14037496202682234
        },
        "run_3": {
            "learning_time": 117233.67065429688,
            "nrmse": 0.14119644798790357
        },
        "run_4": {
            "learning_time": 115252.908203125,
            "nrmse": 0.1441964846210481
        },
        "run_5": {
            "learning_time": 111169.05419921875,
            "nrmse": 0.14582277267382998
        }
    }
}