{
    "average_learning_time": 0.14777392578125,
    "average_nrmse": 0.12468503189452966,
    "runs": {
        "run_1": {
            "learning_time": 153.23193359375,
            "nrmse": 0.12537750407069653
        },
        "run_2": {
            "learning_time": 154.20849609375,
            "nrmse": 0.12175502145849826
        },
        "run_3": {
            "learning_time": 151.27978515625,
            "nrmse": 0.12557965109514999
        },
        "run_4": {
            "learning_time": 150.304931640625,
            "nrmse": 0.11895400539964693
        },
        "run_5": {
            "learning_time": 129.844482421875,
            "nrmse": 0.13175897744865658
        }
    }
}