{
    "average_learning_time": 113.821126953125,
    "average_nrmse": 0.13322341354900852,
    "runs": {
        "run_1": {
            "learning_time": 117075.59912109375,
            "nrmse": 0.13210813436838756
        },
        "run_2": {
            "learning_time": 113314.78784179688,
            "nrmse": 0.13108944204220307
        },
        "run_3": {
            "learning_time": 112776.27685546875,
            "nrmse": 0.13345207115050167
        },
        "run_4": {
            "learning_time": 113871.955078125,
            "nrmse": 0.12505422856691795
        },
        "run_5": {
            "learning_time": 112067.01586914062,
            "nrmse": 0.14441319161703242
        }
    }
}