{
    "average_learning_time": 0.14625288085937502,
    "average_nrmse": 0.1352455604321538,
    "runs": {
        "run_1": {
            "learning_time": 133.75146484375,
            "nrmse": 0.1300970929212646
        },
        "run_2": {
            "learning_time": 133.712646484375,
            "nrmse": 0.13053485627194403
        },
        "run_3": {
            "learning_time": 185.526123046875,
            "nrmse": 0.13757821341004506
        },
        "run_4": {
            "learning_time": 138.591796875,
            "nrmse": 0.13717491607659923
        },
        "run_5": {
            "learning_time": 139.682373046875,
            "nrmse": 0.14084272348091603
        }
    }
}