{
    "average_learning_time": 116.23418007812501,
    "average_nrmse": 0.14060936971350468,
    "runs": {
        "run_1": {
            "learning_time": 116635.873046875,
            "nrmse": 0.14151108535892815
        },
        "run_2": {
            "learning_time": 113953.29736328125,
            "nrmse": 0.13827805642899954
        },
        "run_3": {
            "learning_time": 112944.86181640625,
            "nrmse": 0.14235086331568744
        },
        "run_4": {
            "learning_time": 115736.8056640625,
            "nrmse": 0.13922919940398373
        },
        "run_5": {
            "learning_time": 121900.0625,
            "nrmse": 0.14167764405992458
        }
    }
}