{
    "average_learning_time": 0.135491015625,
    "average_nrmse": 0.14950802105288646,
    "runs": {
        "run_1": {
            "learning_time": 145.930419921875,
            "nrmse": 0.1516696538336863
        },
        "run_2": {
            "learning_time": 133.748046875,
            "nrmse": 0.15096198728670096
        },
        "run_3": {
            "learning_time": 141.5576171875,
            "nrmse": 0.14604212031913058
        },
        "run_4": {
            "learning_time": 138.12255859375,
            "nrmse": 0.14870778732449283
        },
        "run_5": {
            "learning_time": 118.096435546875,
            "nrmse": 0.1501585565004217
        }
    }
}