{
  "average_nrmse": 0.1519379908663893,
  "average_learning_time": 0.002,
  "runs": {
    "run_1": {
      "nrmse": 0.15215597823961616,
      "learning_time": 3
    },
    "run_2": {
      "nrmse": 0.1483279468126371,
      "learning_time": 2
    },
    "run_3": {
      "nrmse": 0.15479457406546865,
      "learning_time": 2
    },
    "run_4": {
      "nrmse": 0.1455457311358677,
      "learning_time": 2
    },
    "run_5": {
      "nrmse": 0.15886572407835672,
      "learning_time": 1
    }
  }
}