{
    "average_learning_time": 179.5144498046875,
    "average_nrmse": 0.14606614954671734,
    "runs": {
        "run_1": {
            "learning_time": 174941.35717773438,
            "nrmse": 0.1473163472559626
        },
        "run_2": {
            "learning_time": 191233.02661132812,
            "nrmse": 0.14433141764582294
        },
        "run_3": {
            "learning_time": 173110.04345703125,
            "nrmse": 0.1469385550045751
        },
        "run_4": {
            "learning_time": 180167.08642578125,
            "nrmse": 0.14292064649958425
        },
        "run_5": {
            "learning_time": 178120.7353515625,
            "nrmse": 0.14882378132764187
        }
    }
}