{
    "average_learning_time": 118.81595151367186,
    "average_nrmse": 0.1380102787109222,
    "runs": {
        "run_1": {
            "learning_time": 118370.412109375,
            "nrmse": 0.13711356869631705
        },
        "run_2": {
            "learning_time": 119227.40356445312,
            "nrmse": 0.13921045838002505
        },
        "run_3": {
            "learning_time": 117171.74340820312,
            "nrmse": 0.13628629105988505
        },
        "run_4": {
            "learning_time": 121032.73999023438,
            "nrmse": 0.1357774371690724
        },
        "run_5": {
            "learning_time": 118277.45849609375,
            "nrmse": 0.1416636382493115
        }
    }
}