{
    "average_learning_time": 0.13176743164062502,
    "average_nrmse": 0.14560054753014248,
    "runs": {
        "run_1": {
            "learning_time": 145.423828125,
            "nrmse": 0.15067619392135387
        },
        "run_2": {
            "learning_time": 132.736572265625,
            "nrmse": 0.14210768423723122
        },
        "run_3": {
            "learning_time": 110.28955078125,
            "nrmse": 0.14328028395371203
        },
        "run_4": {
            "learning_time": 136.169921875,
            "nrmse": 0.143204138400395
        },
        "run_5": {
            "learning_time": 134.21728515625,
            "nrmse": 0.1487344371380203
        }
    }
}