{
    "average_learning_time": 3536.505,
    "average_nrmse": 0.1524826543626805,
    "runs": {
        "run_1": {
            "learning_time": 3568849,
            "nrmse": 0.15134832395981584
        },
        "run_2": {
            "learning_time": 3558274,
            "nrmse": 0.1520978022473504
        },
        "run_3": {
            "learning_time": 3569346,
            "nrmse": 0.1478567240473228
        },
        "run_4": {
            "learning_time": 3582503,
            "nrmse": 0.15105281072905669
        },
        "run_5": {
            "learning_time": 3435898,
            "nrmse": 0.15892328042699205
        }
    }
}