{
    "average_learning_time": 0.065204736328125,
    "average_nrmse": 0.14388112028727956,
    "runs": {
        "run_1": {
            "learning_time": 46.848388671875,
            "nrmse": 0.14330186587662808
        },
        "run_2": {
            "learning_time": 60.04296875,
            "nrmse": 0.14367936477985851
        },
        "run_3": {
            "learning_time": 82.4912109375,
            "nrmse": 0.1452562445715901
        },
        "run_4": {
            "learning_time": 75.15234375,
            "nrmse": 0.14162769888115348
        },
        "run_5": {
            "learning_time": 61.48876953125,
            "nrmse": 0.14554042732716757
        }
    }
}