{
    "average_learning_time": 0.16545166015625,
    "average_nrmse": 0.12116329868558151,
    "runs": {
        "run_1": {
            "learning_time": 179.58544921875,
            "nrmse": 0.12205721247183157
        },
        "run_2": {
            "learning_time": 153.74072265625,
            "nrmse": 0.1166965309797868
        },
        "run_3": {
            "learning_time": 154.715576171875,
            "nrmse": 0.122319943367786
        },
        "run_4": {
            "learning_time": 163.501220703125,
            "nrmse": 0.11434001678539622
        },
        "run_5": {
            "learning_time": 175.71533203125,
            "nrmse": 0.13040278982310688
        }
    }
}