{
    "average_learning_time": 7606.625,
    "average_nrmse": 0.15436693863682008,
    "runs": {
        "run_1": {
            "learning_time": 7747688,
            "nrmse": 0.15212656688583162
        },
        "run_2": {
            "learning_time": 7603050,
            "nrmse": 0.14313556181502718
        },
        "run_3": {
            "learning_time": 7651479,
            "nrmse": 0.15966615335773618
        },
        "run_4": {
            "learning_time": 7151459,
            "nrmse": 0.15704477128927616
        },
        "run_5": {
            "learning_time": 8020510,
            "nrmse": 0.15762126808524082
        }
    }
}