{
    "average_learning_time": 0.088034912109375,
    "average_accuracy": 0.3608599779492834,
    "runs": {
        "run_1": {
            "accuracy": 0.35170893054024255,
            "learning_time": 91.7431640625
        },
        "run_2": {
            "accuracy": 0.3599779492833517,
            "learning_time": 86.86376953125
        },
        "run_3": {
            "accuracy": 0.36934950385887544,
            "learning_time": 86.863525390625
        },
        "run_4": {
            "accuracy": 0.36686879823594265,
            "learning_time": 90.76806640625
        },
        "run_5": {
            "accuracy": 0.3563947078280044,
            "learning_time": 83.93603515625
        }
    }
}