{
  "average_accuracy": 0.4206782464846981,
  "average_learning_time": 57.4544,
  "runs": {
    "run_1": {
      "accuracy": 0.4325889164598842,
      "learning_time": 57577
    },
    "run_2": {
      "accuracy": 0.42100909842845324,
      "learning_time": 53855
    },
    "run_3": {
      "accuracy": 0.41273779983457404,
      "learning_time": 40017
    },
    "run_4": {
      "accuracy": 0.40694789081885857,
      "learning_time": 58495
    },
    "run_5": {
      "accuracy": 0.43010752688172044,
      "learning_time": 77328
    }
  }
}