{
    "average_accuracy": 0.3573542094112868,
    "average_learning_time": 61.419923193359374,
    "runs": {
        "run_1": {
            "accuracy": 0.35723749342951605,
            "learning_time": 61445.36962890625
        },
        "run_2": {
            "accuracy": 0.3606102746178107,
            "learning_time": 61470.225341796875
        },
        "run_3": {
            "accuracy": 0.35417689748978876,
            "learning_time": 62287.161376953125
        },
        "run_4": {
            "accuracy": 0.36443767474749744,
            "learning_time": 60778.2314453125
        },
        "run_5": {
            "accuracy": 0.35030870677182113,
            "learning_time": 61118.628173828125
        }
    }
}