{
    "average_accuracy": 0.408671752377059,
    "average_learning_time": 2182.911,
    "runs": {
        "run_1": {
            "accuracy": 0.41132699462587846,
            "learning_time": 2097785
        },
        "run_2": {
            "accuracy": 0.40766847678391915,
            "learning_time": 2108933
        },
        "run_3": {
            "accuracy": 0.40903522413205834,
            "learning_time": 2006539
        },
        "run_4": {
            "accuracy": 0.4077207129730723,
            "learning_time": 2168314
        },
        "run_5": {
            "accuracy": 0.41026259561918643,
            "learning_time": 2447858
        }
    }
}