{
    "average_accuracy": 0.3706351239548404,
    "average_learning_time": 59.80027158203125,
    "runs": {
        "run_1": {
            "accuracy": 0.36911873929189276,
            "learning_time": 59660.588623046875
        },
        "run_2": {
            "accuracy": 0.3666302064114332,
            "learning_time": 60497.889404296875
        },
        "run_3": {
            "accuracy": 0.377436790185838,
            "learning_time": 59142.471435546875
        },
        "run_4": {
            "accuracy": 0.3742610362144069,
            "learning_time": 60059.789306640625
        },
        "run_5": {
            "accuracy": 0.3657288476706312,
            "learning_time": 59640.619140625
        }
    }
}