{
  "average_accuracy": 0.34057539682539684,
  "average_learning_time": 0.0012,
  "runs": {
    "run_1": {
      "accuracy": 0.34011243386243384,
      "learning_time": 2
    },
    "run_2": {
      "accuracy": 0.3404431216931217,
      "learning_time": 1
    },
    "run_3": {
      "accuracy": 0.34325396825396826,
      "learning_time": 1
    },
    "run_4": {
      "accuracy": 0.34308862433862436,
      "learning_time": 1
    },
    "run_5": {
      "accuracy": 0.335978835978836,
      "learning_time": 1
    }
  }
}