{
  "average_accuracy": 0.34284139451564005,
  "average_learning_time": 5.0424,
  "runs": {
    "run_1": {
      "accuracy": 0.3400854347526526,
      "learning_time": 5599
    },
    "run_2": {
      "accuracy": 0.34242800055119194,
      "learning_time": 4468
    },
    "run_3": {
      "accuracy": 0.3469753341601213,
      "learning_time": 5322
    },
    "run_4": {
      "accuracy": 0.3438059804326857,
      "learning_time": 5335
    },
    "run_5": {
      "accuracy": 0.34091222268154886,
      "learning_time": 4488
    }
  }
}