{
    "average_learning_time": 4.037613452148437,
    "average_test_LL": -1690.896867854246,
    "folds": {
        "fold_1": {
            "learning_time": 4063.374267578125,
            "test_LL": -1764.876801296325
        },
        "fold_10": {
            "learning_time": 3661.0390625,
            "test_LL": -1606.7029001541616
        },
        "fold_2": {
            "learning_time": 5042.53662109375,
            "test_LL": -1866.4485945832587
        },
        "fold_3": {
            "learning_time": 5472.554931640625,
            "test_LL": -1847.4397955256447
        },
        "fold_4": {
            "learning_time": 2992.73193359375,
            "test_LL": -1940.7113883507018
        },
        "fold_5": {
            "learning_time": 4899.306640625,
            "test_LL": -1910.73627120127
        },
        "fold_6": {
            "learning_time": 3176.40625,
            "test_LL": -1868.1990473906676
        },
        "fold_7": {
            "learning_time": 3671.4287109375,
            "test_LL": -1350.0627169974491
        },
        "fold_8": {
            "learning_time": 2108.040283203125,
            "test_LL": -1362.119071467796
        },
        "fold_9": {
            "learning_time": 5288.7158203125,
            "test_LL": -1391.6720915751857
        }
    }
}